codigo;descricao;linha;grupo;subgrupo;unidade;preco;preco_str
33040412;ARAME P/ SOLDA MIG 70S6 - 1,2mm 18KG;Acessórios de Serralheria;eletrodos e soldas;outras soldas;un;305.18;305,18
33040410;ARAME P/ SOLDA MIG 70S6 - 1,0mm 18KG;Acessórios de Serralheria;eletrodos e soldas;outras soldas;un;319.62;319,62
33040312;ARAME P/ SOLDA MIG 70S6 - 1,2mm 15KG;Acessórios de Serralheria;eletrodos e soldas;outras soldas;un;195.59;195,59
33040309;ARAME P/ SOLDA MIG 70S6 - 0,8mm 15KG;Acessórios de Serralheria;eletrodos e soldas;outras soldas;un;284.0;284,00
33030225;ELETRODO OK 61.30 308 - 2,50mm P/ INOX;Acessórios de Serralheria;eletrodos e soldas;eletrodos 6130;kg;109.8;109,80
33030220;ELETRODO OK 61.30 308 - 2,00mm P/ INOX;Acessórios de Serralheria;eletrodos e soldas;eletrodos 6130;kg;149.3;149,30
33020014;ELETRODO ESAB 7018 4,00MM;Acessórios de Serralheria;eletrodos e soldas;eletrodos 7018;kg;25.65;25,65
33020013;ELETRODO ESAB 7018 3,25MM;Acessórios de Serralheria;eletrodos e soldas;eletrodos 7018;kg;27.64;27,64
33020004;ELETRODO CONARCO 7018 4,00mm;Acessórios de Serralheria;eletrodos e soldas;eletrodos 7018;kg;27.8;27,80
33020003;ELETRODO CONARCO 7018 3,25mm;Acessórios de Serralheria;eletrodos e soldas;eletrodos 7018;kg;24.83;24,83
33020002;ELETRODO CONARCO 7018 2,50mm;Acessórios de Serralheria;eletrodos e soldas;eletrodos 7018;kg;24.25;24,25
33013250;ELETRODO OK-SERRALHEIRO 6013 - 3,25mm;Acessórios de Serralheria;eletrodos e soldas;eletrodos 6013;kg;26.14;26,14
33012506;ELETRODO WELD 6013 - 3,25mm;Acessórios de Serralheria;eletrodos e soldas;eletrodos 6013;kg;19.79;19,79
33012505;ELETRODO WELD 6013 - 2,50mm;Acessórios de Serralheria;eletrodos e soldas;eletrodos 6013;kg;19.52;19,52
33012500;ELETRODO OK-SERRALHEIRO 6013 - 2,50mm;Acessórios de Serralheria;eletrodos e soldas;eletrodos 6013;kg;26.78;26,78
32082000;ELETRODUTO CORRUG PVC 20mm - TIGRE;Ferramentas e Utensílios;MATERIAL ELÉTRICO;ELETRODUTOS CORRUGADOS;MT;1.15;1,15
31062670;CHAPA ROLO ALUMINIO N 26 (0,50MM) 70CM I;Chapas, Tubos e Perfilados;CHAPAS ALUMINIO;chapas em rolo aluminio;kg;55.63;55,63
31062660;CHAPA ROLO ALUMINIO N 26 (0,50MM) 60CM I;Chapas, Tubos e Perfilados;CHAPAS ALUMINIO;chapas em rolo aluminio;kg;55.63;55,63
31062650;CHAPA ROLO ALUMINIO N 26 (0,50MM) 50CM I;Chapas, Tubos e Perfilados;CHAPAS ALUMINIO;chapas em rolo aluminio;kg;55.63;55,63
31062640;CHAPA ROLO ALUMINIO N 26 (0,50MM) 40CM I;Chapas, Tubos e Perfilados;CHAPAS ALUMINIO;chapas em rolo aluminio;kg;55.63;55,63
31062630;CHAPA ROLO ALUMINIO N 26 (0,50MM) 30CM I;Chapas, Tubos e Perfilados;CHAPAS ALUMINIO;chapas em rolo aluminio;kg;55.63;55,63
30021000;PERFIL DE PROTECAO - LANCA DUPLA 1m;Acessórios de Serralheria;componentes de serralheria;PONTAS PARA GRADE;un;18.39;18,39
30010001;FITA PARA PORTA (0,50 x 25,00mm);Acessórios de Serralheria;componentes de serralheria;BOBINAS DE PORTA;kg;41.19;41,19
29051001;KIT LAMINAS MAQUINA P/ VERG NR1;Ferramentas e Utensílios;MÁQUINAS E EQUIPAMENTOS;MÁQUINAS DE CORTAR VERGALHÃO;un;79.58;79,58
29051000;KIT LAMINAS MAQUINA P/ VERG NR0;Ferramentas e Utensílios;MÁQUINAS E EQUIPAMENTOS;MÁQUINAS DE CORTAR VERGALHÃO;un;49.12;49,12
29010028;INVERSOR DE SOLDA BANTAM 3.2 BIVOLT - ESAB;Ferramentas e Utensílios;MÁQUINAS E EQUIPAMENTOS;MÁQUINAS DE SOLDA;un;813.24;813,24
29010027;INVERSOR DE SOLDA BANTAM 2.5 BIVOLT - ESAB;Ferramentas e Utensílios;MÁQUINAS E EQUIPAMENTOS;MÁQUINAS DE SOLDA;un;616.06;616,06
29010004;MAQUINA DE SOLDA BANTAM SERRALHEIRO;Ferramentas e Utensílios;MÁQUINAS E EQUIPAMENTOS;MÁQUINAS DE SOLDA;un;958.14;958,14
28033007;CARRO DE MAO PLASTICA FUNDA - TRAMONTINA;Ferramentas e Utensílios;UTENSÍLIOS;CARROS DE MÃO;un;334.23;334,23
28030005;CARRO DE MAO EXTRA FORTE - TRAMONTINA;Ferramentas e Utensílios;UTENSÍLIOS;CARROS DE MÃO;un;459.5;459,50
28011001;PICADEIRA DE SOLDA S/ MOLA;Ferramentas e Utensílios;UTENSÍLIOS;ACESSÓRIOS DE SOLDAGEM;un;37.21;37,21
28011000;GARRA NEGATIVA 505;Ferramentas e Utensílios;UTENSÍLIOS;ACESSÓRIOS DE SOLDAGEM;un;75.94;75,94
28010500;PORTA ELETRODO 500a - MAXI;Ferramentas e Utensílios;UTENSÍLIOS;ACESSÓRIOS DE SOLDAGEM;un;68.04;68,04
28010300;PORTA ELETRODO 300a - MAXI;Ferramentas e Utensílios;UTENSÍLIOS;ACESSÓRIOS DE SOLDAGEM;un;63.85;63,85
28010200;PORTA ELETRODO 200S;Ferramentas e Utensílios;UTENSÍLIOS;ACESSÓRIOS DE SOLDAGEM;un;50.31;50,31
27271900;CHAVE COMBINADA 19mm;Ferramentas e Utensílios;FERRAMENTAS;CHAVES COMBINADAS;un;15.43;15,43
27271300;CHAVE COMBINADA 13mm;Ferramentas e Utensílios;FERRAMENTAS;CHAVES COMBINADAS;un;10.37;10,37
27271200;CHAVE COMBINADA 12mm;Ferramentas e Utensílios;FERRAMENTAS;CHAVES COMBINADAS;un;9.47;9,47
27210003;APLICADOR P/ SILICONE - TRAMONTINA;Ferramentas e Utensílios;FERRAMENTAS;APLICADORES DE SILICONE;un;68.58;68,58
27170104;CAVADEIRA RETA 8 C/ CABO 120cm;Ferramentas e Utensílios;FERRAMENTAS;PÁS;un;59.43;59,43
27170103;CAVADEIRA RETA 8 S/ CABO;Ferramentas e Utensílios;FERRAMENTAS;PÁS;un;30.11;30,11
27170102;CAVADEIRA ARTICULADA C/ CABO 1,20m;Ferramentas e Utensílios;FERRAMENTAS;PÁS;un;78.8;78,80
27170002;PA DE BICO COM CABO 120cm;Ferramentas e Utensílios;FERRAMENTAS;PÁS;un;57.59;57,59
27150007;COLHER DE PEDREIRO 7;Ferramentas e Utensílios;FERRAMENTAS;COLHER DE PEDREIRO;un;20.66;20,66
27130107;PRUMO 750g - TRAMONTINA;Ferramentas e Utensílios;FERRAMENTAS;NÍVEIS E PRUMOS;un;70.35;70,35
27120315;MARRETA OITAVADA 1500g - TRAMONTINA;Ferramentas e Utensílios;FERRAMENTAS;MARTELOS E MARRETAS;un;55.09;55,09
27120305;MARRETA OITAVADA 500g;Ferramentas e Utensílios;FERRAMENTAS;MARTELOS E MARRETAS;un;33.53;33,53
27120210;MARTELO BOLA 1000g - TRAMONTINA;Ferramentas e Utensílios;FERRAMENTAS;MARTELOS E MARRETAS;un;69.76;69,76
27100305;ROLO DE LA 5cm;Ferramentas e Utensílios;FERRAMENTAS;FERRAMENTAS DE PINTURA;un;11.19;11,19
27100200;BROXA RETANGULAR 18 x 8cm;Ferramentas e Utensílios;FERRAMENTAS;FERRAMENTAS DE PINTURA;un;9.61;9,61
27100100;TRINCHA 4;Ferramentas e Utensílios;FERRAMENTAS;FERRAMENTAS DE PINTURA;un;17.78;17,78
27100076;TRINCHA 3;Ferramentas e Utensílios;FERRAMENTAS;FERRAMENTAS DE PINTURA;un;13.93;13,93
27100063;TRINCHA 2 1/2;Ferramentas e Utensílios;FERRAMENTAS;FERRAMENTAS DE PINTURA;un;13.89;13,89
27100038;TRINCHA 1.1/2;Ferramentas e Utensílios;FERRAMENTAS;FERRAMENTAS DE PINTURA;un;7.28;7,28
27100025;TRINCHA 1;Ferramentas e Utensílios;FERRAMENTAS;FERRAMENTAS DE PINTURA;un;4.59;4,59
27100019;TRINCHA 3/4;Ferramentas e Utensílios;FERRAMENTAS;FERRAMENTAS DE PINTURA;un;3.61;3,61
27051400;TORQUES P/ ARMADOR 14 - BERG;Ferramentas e Utensílios;FERRAMENTAS;TORQUÊS;un;80.7;80,70
27051200;TORQUES P/ ARMADOR 12 - BERG;Ferramentas e Utensílios;FERRAMENTAS;TORQUÊS;un;73.17;73,17
27040030;TESOURA CORTA VERG 30;Ferramentas e Utensílios;FERRAMENTAS;TESOURAS;un;482.0;482,00
27040001;TESOURA P/ FUNILEIRO 12 - STANLEY;Ferramentas e Utensílios;FERRAMENTAS;TESOURAS;un;122.56;122,56
27010800;TRENA 8m - STARRET;Ferramentas e Utensílios;FERRAMENTAS;TRENAS;un;48.48;48,48
27010503;TRENA 5m - TRAMONTINA;Ferramentas e Utensílios;FERRAMENTAS;TRENAS;un;27.79;27,79
27010501;TRENA 5m - STARRET;Ferramentas e Utensílios;FERRAMENTAS;TRENAS;un;25.55;25,55
27010300;TRENA 3m - TRAMONTINA;Ferramentas e Utensílios;FERRAMENTAS;TRENAS;un;16.43;16,43
26070635;CHAPA EXPANDIDA AC 1/4 (50x100) 2 x 1;Chapas, Tubos e Perfilados;AÇOS INDUSTRIALIZADOS;chapas expandidas;un;264.11;264,11
26070476;CHAPA EXPANDIDA AC 3/16 (50x100) 2 x 1;Chapas, Tubos e Perfilados;AÇOS INDUSTRIALIZADOS;chapas expandidas;un;161.7;161,70
26070318;CHAPA EXPANDIDA AC 1/8 (50x100) 2 x 1;Chapas, Tubos e Perfilados;AÇOS INDUSTRIALIZADOS;chapas expandidas;un;98.19;98,19
26031046;LAMBRI TRAPEZ GALV (0,75MM) 11G(10X85X15) 1,08 X 2,5M;Chapas, Tubos e Perfilados;AÇOS INDUSTRIALIZADOS;LAMBRI GALVANIZADO;un;193.55;193,55
26031044;LAMBRI TRAPEZ GALV (0,75MM) 11G(10X85X15) 1,08 X 2M;Chapas, Tubos e Perfilados;AÇOS INDUSTRIALIZADOS;LAMBRI GALVANIZADO;un;153.7;153,70
26030004;LAMBRI ONDUL GALV (0,80MM) 1,10 X 3M;Chapas, Tubos e Perfilados;AÇOS INDUSTRIALIZADOS;LAMBRI GALVANIZADO;un;228.85;228,85
26030003;LAMBRI ONDUL GALV (0,80mm) 1,10 x 2,5m;Chapas, Tubos e Perfilados;AÇOS INDUSTRIALIZADOS;LAMBRI GALVANIZADO;un;209.01;209,01
26030000;LAMBRI ONDUL GALV (0,80mm) 1,10 x 2m;Chapas, Tubos e Perfilados;AÇOS INDUSTRIALIZADOS;LAMBRI GALVANIZADO;un;170.78;170,78
26022531;PERFIL 25 x 32 GALV (1,55mm) PESADO;Chapas, Tubos e Perfilados;AÇOS INDUSTRIALIZADOS;MATERIAL DE PORTA DE ENROLAR;un;56.82;56,82
26022530;PERFIL 25 x 32 GALV (1,25mm) LEVE;Chapas, Tubos e Perfilados;AÇOS INDUSTRIALIZADOS;MATERIAL DE PORTA DE ENROLAR;un;46.51;46,51
26020050;CHAPA ART GALV 26 (0,50mm) PESADA;Chapas, Tubos e Perfilados;AÇOS INDUSTRIALIZADOS;MATERIAL DE PORTA DE ENROLAR;un;35.46;35,46
26020043;CHAPA ART GALV 28 (0,43mm) LEVE;Chapas, Tubos e Perfilados;AÇOS INDUSTRIALIZADOS;MATERIAL DE PORTA DE ENROLAR;un;33.41;33,41
26020007;BOBINA GUIA (LOUCA);Chapas, Tubos e Perfilados;AÇOS INDUSTRIALIZADOS;MATERIAL DE PORTA DE ENROLAR;un;29.45;29,45
26020004;BASE ART 3 GALV (1,25mm) LEVE - PE DE PORTA;Chapas, Tubos e Perfilados;AÇOS INDUSTRIALIZADOS;MATERIAL DE PORTA DE ENROLAR;MT;66.72;66,72
26020002;BASE P/ PORTA L3 (1,55mm) 3m;Chapas, Tubos e Perfilados;AÇOS INDUSTRIALIZADOS;MATERIAL DE PORTA DE ENROLAR;un;40.95;40,95
26020001;COLUNA CENTRAL PORTA GALV (0,80mm) 3m;Chapas, Tubos e Perfilados;AÇOS INDUSTRIALIZADOS;MATERIAL DE PORTA DE ENROLAR;un;131.36;131,36
26010500;CUMEEIRA GALVALUME TRAP TR40 (0,43mm);Chapas, Tubos e Perfilados;AÇOS INDUSTRIALIZADOS;TELHAS;un;32.35;32,35
26010207;TELHA GALVALUME TRAP 40 (0,43x980x37mm) 7m;Chapas, Tubos e Perfilados;AÇOS INDUSTRIALIZADOS;TELHAS;un;295.46;295,46
26010206;TELHA GALVALUME TRAP 40 (0,43x980x37mm) 6m;Chapas, Tubos e Perfilados;AÇOS INDUSTRIALIZADOS;TELHAS;un;253.25;253,25
26010205;TELHA GALVALUME TRAP 40 (0,43x980x37mm) 5m;Chapas, Tubos e Perfilados;AÇOS INDUSTRIALIZADOS;TELHAS;un;211.04;211,04
26010204;TELHA GALVALUME TRAP 40 (0,43x980x37mm) 4m;Chapas, Tubos e Perfilados;AÇOS INDUSTRIALIZADOS;TELHAS;un;168.84;168,84
26010203;TELHA GALVALUME TRAP 40 (0,43x980x37mm) 3m;Chapas, Tubos e Perfilados;AÇOS INDUSTRIALIZADOS;TELHAS;un;126.63;126,63
24030930;TRAVA LATERAL DE SEGURANCA  ALUMINIO;Acessórios de Serralheria;FECHADURAS E TRANCAS;FECHADURAS;un;109.22;109,22
24030091;FECHADURA ELET 12V - ABRE P/ DENTRO - STAM;Acessórios de Serralheria;FECHADURAS E TRANCAS;FECHADURAS;un;161.0;161,00
24030090;FECHADURA ELET 12V - ABRE P/ FORA - STAM;Acessórios de Serralheria;FECHADURAS E TRANCAS;FECHADURAS;un;198.61;198,61
24030071;FECHADURA P/ PORTA ENROLAR (TETRA 1201) - STAM;Acessórios de Serralheria;FECHADURAS E TRANCAS;FECHADURAS;un;54.5;54,50
24030070;FECHADURA P/ PORTA DE ENROLAR (COMUM 201) - STAM;Acessórios de Serralheria;FECHADURAS E TRANCAS;FECHADURAS;un;44.42;44,42
24030060;FECHADURA BICO PAPAGAIO 901 - STAM;Acessórios de Serralheria;FECHADURAS E TRANCAS;FECHADURAS;un;49.84;49,84
24030025;FECHADURA BOLA FIXA 803/02 - STAM;Acessórios de Serralheria;FECHADURAS E TRANCAS;FECHADURAS;un;78.3;78,30
24030024;FECHADURA BOLA MOVEL 803/02 - STAM;Acessórios de Serralheria;FECHADURAS E TRANCAS;FECHADURAS;un;73.95;73,95
24030023;FECHADURA ALAVANCA 803/11 - STAM;Acessórios de Serralheria;FECHADURAS E TRANCAS;FECHADURAS;un;79.94;79,94
24030022;FECHADURA PERFIL 603/11 - STAM;Acessórios de Serralheria;FECHADURAS E TRANCAS;FECHADURAS;un;81.23;81,23
24030021;FECHADURA PERFIL 401/07 - STAM;Acessórios de Serralheria;FECHADURAS E TRANCAS;FECHADURAS;un;94.55;94,55
24030016;FECHADURA SOBREPOR 701/100 INOX AISI304 - STAM;Acessórios de Serralheria;FECHADURAS E TRANCAS;FECHADURAS;un;110.41;110,41
24030011;FECHADURA SOBREPOR 1701 TETRA - STAM;Acessórios de Serralheria;FECHADURAS E TRANCAS;FECHADURAS;un;105.27;105,27
24030010;FECHADURA SOBREPOR COMUM 701 - STAM;Acessórios de Serralheria;FECHADURAS E TRANCAS;FECHADURAS;un;78.3;78,30
24020402;TRANCA EMBUTIR CADEADO - ESQUERDA;Acessórios de Serralheria;FECHADURAS E TRANCAS;FERROLHOS E TRANCAS;un;23.69;23,69
24020401;TRANCA EMBUTIR CADEADO;Acessórios de Serralheria;FECHADURAS E TRANCAS;FERROLHOS E TRANCAS;un;24.67;24,67
24020400;TRANCA SIMPLES;Acessórios de Serralheria;FECHADURAS E TRANCAS;FERROLHOS E TRANCAS;un;19.09;19,09
24020205;FERROLHO BENGALA 1/2 - ESQUERDO;Acessórios de Serralheria;FECHADURAS E TRANCAS;FERROLHOS E TRANCAS;un;24.58;24,58
24020204;FERROLHO BENGALA 1/2 - DIREITO;Acessórios de Serralheria;FECHADURAS E TRANCAS;FERROLHOS E TRANCAS;un;24.58;24,58
24020201;FERROLHO EMBUTIR CADEADO;Acessórios de Serralheria;FECHADURAS E TRANCAS;FERROLHOS E TRANCAS;un;28.69;28,69
24020200;FERROLHO SIMPLES;Acessórios de Serralheria;FECHADURAS E TRANCAS;FERROLHOS E TRANCAS;un;18.44;18,44
24020005;FERROLHO GALVANIZADO 5;Acessórios de Serralheria;FECHADURAS E TRANCAS;FERROLHOS E TRANCAS;un;14.61;14,61
24020004;FERROLHO GALVANIZADO 4;Acessórios de Serralheria;FECHADURAS E TRANCAS;FERROLHOS E TRANCAS;un;11.65;11,65
24020003;FERROLHO GALVANIZADO 3;Acessórios de Serralheria;FECHADURAS E TRANCAS;FERROLHOS E TRANCAS;un;10.41;10,41
24020002;FERROLHO GALVANIZADO 2;Acessórios de Serralheria;FECHADURAS E TRANCAS;FERROLHOS E TRANCAS;un;9.07;9,07
24012002;CADEADO 20mm - PADO;Acessórios de Serralheria;FECHADURAS E TRANCAS;CADEADOS;un;15.66;15,66
24010002;CADEADO MILANO AUTOMATICO TETRA (901);Acessórios de Serralheria;FECHADURAS E TRANCAS;CADEADOS;un;128.96;128,96
23040010;VEDA CALHA - ALUMINIO - BRASCOLA;Acessórios de Serralheria;TINTAS E SOLVENTES;SILICONES;un;20.13;20,13
23020405;DECAPOXIL BR 200 - 1L;Acessórios de Serralheria;TINTAS E SOLVENTES;SOLVENTES;un;47.9;47,90
23020403;DECAPOXIL BR 200 - 300ml;Acessórios de Serralheria;TINTAS E SOLVENTES;SOLVENTES;un;17.42;17,42
23020402;DECAPOXIL BR 200 - 500ml;Acessórios de Serralheria;TINTAS E SOLVENTES;SOLVENTES;un;23.86;23,86
23020102;THINNER (SOLVENTE) - GALAO;Acessórios de Serralheria;TINTAS E SOLVENTES;SOLVENTES;un;146.88;146,88
23020101;THINNER (SOLVENTE) - QUARTO;Acessórios de Serralheria;TINTAS E SOLVENTES;SOLVENTES;un;28.96;28,96
23010116;GALVANITEX BRANCO FOSCO  - GALAO;Acessórios de Serralheria;TINTAS E SOLVENTES;PRIMERS E ZARCÕES;un;221.56;221,56
23010115;GALVANITEX BRANCO FOSCO - QUARTO;Acessórios de Serralheria;TINTAS E SOLVENTES;PRIMERS E ZARCÕES;un;60.76;60,76
23010114;GALVANITEX CINZA CLARO FOSCO - GALAO;Acessórios de Serralheria;TINTAS E SOLVENTES;PRIMERS E ZARCÕES;un;131.52;131,52
23010113;GALVANITEX CINZA CLARO FOSCO - QUARTO;Acessórios de Serralheria;TINTAS E SOLVENTES;PRIMERS E ZARCÕES;un;41.86;41,86
23010112;OXIDO MET PRETO FOSCO - 18LT;Acessórios de Serralheria;TINTAS E SOLVENTES;PRIMERS E ZARCÕES;un;370.28;370,28
23010111;OXIDO MET PRETO FOSCO - GALAO;Acessórios de Serralheria;TINTAS E SOLVENTES;PRIMERS E ZARCÕES;un;87.31;87,31
23010110;OXIDO MET PRETO FOSCO - QUARTO;Acessórios de Serralheria;TINTAS E SOLVENTES;PRIMERS E ZARCÕES;un;41.5;41,50
23010103;PRIMER CINZA ESCURO FOSCO - 18LT;Acessórios de Serralheria;TINTAS E SOLVENTES;PRIMERS E ZARCÕES;un;246.31;246,31
23010102;PRIMER CINZA ESCURO FOSCO - GALAO;Acessórios de Serralheria;TINTAS E SOLVENTES;PRIMERS E ZARCÕES;un;76.11;76,11
23010101;PRIMER CINZA ESCURO FOSCO - QUARTO;Acessórios de Serralheria;TINTAS E SOLVENTES;PRIMERS E ZARCÕES;un;25.15;25,15
22070724;DISCO SR 7 x 24 DENTES - P/ MADEIRA - TYROLIT;Acessórios de Serralheria;ABRASIVOS;DISCOS PARA MADEIRA;un;41.01;41,01
22070424;DISCO SR 4 x 24 DENTES - P/ MADEIRA - TYROLIT;Acessórios de Serralheria;ABRASIVOS;DISCOS PARA MADEIRA;un;22.96;22,96
22060017;DISCO DIAMANTADO SEGM 110 x 20mm - NORTON PRO;Acessórios de Serralheria;ABRASIVOS;DISCOS PARA CONCRETO;un;21.3;21,30
22060016;DISCO DIAMANTADO LISO 110 x 20mm - NORTON PRO;Acessórios de Serralheria;ABRASIVOS;DISCOS PARA CONCRETO;un;18.07;18,07
22060015;DISCO DIAMANTADO TURBO 110 x 20mm - NORTON PRO;Acessórios de Serralheria;ABRASIVOS;DISCOS PARA CONCRETO;un;21.17;21,17
22060012;DISCO D. SEGMENTADO 110 x 20mm  - TYROLIT;Acessórios de Serralheria;ABRASIVOS;DISCOS PARA CONCRETO;un;16.5;16,50
22060011;DISCO DIAMANTADO LISO 110 x 20mm TYROLIT;Acessórios de Serralheria;ABRASIVOS;DISCOS PARA CONCRETO;un;16.15;16,15
22060010;DISCO DIAMANTADO TURBO 110 x 20mm - TYROLIT;Acessórios de Serralheria;ABRASIVOS;DISCOS PARA CONCRETO;un;18.94;18,94
22050006;ESCOVA COPO TRANCADA 4'' 100MM  M14;Acessórios de Serralheria;ABRASIVOS;ESCOVAS;un;90.72;90,72
22042036;DISCO DE LIXA 4.1/2 GR36 NORTON;Acessórios de Serralheria;ABRASIVOS;LIXAS;un;4.44;4,44
22040120;LIXA MANUAL MASSA 120 - NORTON;Acessórios de Serralheria;ABRASIVOS;LIXAS;un;3.74;3,74
22040100;LIXA MANUAL METAIS 100 - NORTON;Acessórios de Serralheria;ABRASIVOS;LIXAS;un;3.89;3,89
22040080;LIXA MANUAL METAIS 80 - NORTON;Acessórios de Serralheria;ABRASIVOS;LIXAS;un;3.88;3,88
22040040;LIXA MANUAL METAIS 40 - NORTON;Acessórios de Serralheria;ABRASIVOS;LIXAS;un;4.5;4,50
22040036;LIXA MANUAL METAIS 36 - NORTON;Acessórios de Serralheria;ABRASIVOS;LIXAS;un;4.54;4,54
22022225;DISCO DE DESBASTE 4.1/2 - TYROLIT;Acessórios de Serralheria;ABRASIVOS;DISCOS DE DESBASTE;un;9.47;9,47
22022223;DISCO DE DESBASTE 4.1/2 X 7/8 - NORTON;Acessórios de Serralheria;ABRASIVOS;DISCOS DE DESBASTE;un;13.12;13,12
22020638;DISCO DE DESBASTE 7 - TYROLIT;Acessórios de Serralheria;ABRASIVOS;DISCOS DE DESBASTE;un;19.3;19,30
22020636;DISCO DE DESBASTE 7 x 7/8 x 1/4 - NORTON;Acessórios de Serralheria;ABRASIVOS;DISCOS DE DESBASTE;un;32.29;32,29
22020133;FLAP DISC 4.1/2 - GRAO 120 - NORTON;Acessórios de Serralheria;ABRASIVOS;DISCOS DE DESBASTE;un;8.83;8,83
22020132;FLAP DISC 4.1/2 - GRAO 80 - NORTON;Acessórios de Serralheria;ABRASIVOS;DISCOS DE DESBASTE;un;8.83;8,83
22020131;FLAP DISC 4.1/2 - GRAO 60 - NORTON;Acessórios de Serralheria;ABRASIVOS;DISCOS DE DESBASTE;un;8.31;8,31
22020130;FLAP DISC 4.1/2 - GRAO 40 - NORTON;Acessórios de Serralheria;ABRASIVOS;DISCOS DE DESBASTE;un;8.81;8,81
22019012;DISCO DE CORTE INOX 7 x 7/8 - STARRETT;Acessórios de Serralheria;ABRASIVOS;DISCOS DE CORTE;un;6.3;6,30
22019008;DISCO DE CORTE 7 (178 X 1.6) SECUR - TYROLIT;Acessórios de Serralheria;ABRASIVOS;DISCOS DE CORTE;un;12.03;12,03
22019007;DISCO DE CORTE INOX  7 - NORTON;Acessórios de Serralheria;ABRASIVOS;DISCOS DE CORTE;un;16.43;16,43
22019005;DISCO DE CORTE 4.5 (115 X 1.0) SECUR - TYROLIT;Acessórios de Serralheria;ABRASIVOS;DISCOS DE CORTE;un;6.84;6,84
22019004;DISCO DE CORTE INOX  4.1/2 - NORTON;Acessórios de Serralheria;ABRASIVOS;DISCOS DE CORTE;un;8.12;8,12
22014012;DISCO DE CORTE INOX 4.1/2 - STARRETT;Acessórios de Serralheria;ABRASIVOS;DISCOS DE CORTE;un;2.65;2,65
22014004;DISCO DE CORTE INOX 4.1/2 - DEWALT;Acessórios de Serralheria;ABRASIVOS;DISCOS DE CORTE;un;5.71;5,71
22012224;DISCO DE CORTE  4.5 (115 X 2.5) BASIC - TYROLIT;Acessórios de Serralheria;ABRASIVOS;DISCOS DE CORTE;un;6.64;6,64
22012223;DISCO DE CORTE 4.1/2 x 7/8 - NORTON;Acessórios de Serralheria;ABRASIVOS;DISCOS DE CORTE;un;9.31;9,31
22011428;DISCO DE CORTE 14 x 1 - TYROLIT;Acessórios de Serralheria;ABRASIVOS;DISCOS DE CORTE;un;43.28;43,28
22011227;DISCO DE CORTE 12 x 1 - TYROLIT;Acessórios de Serralheria;ABRASIVOS;DISCOS DE CORTE;un;35.84;35,84
22011226;DISCO DE CORTE 12 x 1 - NORTON;Acessórios de Serralheria;ABRASIVOS;DISCOS DE CORTE;un;56.51;56,51
22011222;DISCO DE CORTE 12 x 3/4 - TYROLIT;Acessórios de Serralheria;ABRASIVOS;DISCOS DE CORTE;un;35.62;35,62
22011221;DISCO DE CORTE 12 x 3/4 - NORTON;Acessórios de Serralheria;ABRASIVOS;DISCOS DE CORTE;un;48.8;48,80
22011217;DISCO DE CORTE 12 x 5/8 - NORTON;Acessórios de Serralheria;ABRASIVOS;DISCOS DE CORTE;un;47.31;47,31
22011215;DISCO DE CORTE 12 x 5/8 - TYROLIT;Acessórios de Serralheria;ABRASIVOS;DISCOS DE CORTE;un;31.2;31,20
22011022;DISCO DE CORTE 10 x 3/4 - TYROLIT;Acessórios de Serralheria;ABRASIVOS;DISCOS DE CORTE;un;36.2;36,20
22011021;DISCO DE CORTE 10 x 3/4 - NORTON;Acessórios de Serralheria;ABRASIVOS;DISCOS DE CORTE;un;35.4;35,40
22011018;DISCO DE CORTE 10 x 5/8 - TYROLIT;Acessórios de Serralheria;ABRASIVOS;DISCOS DE CORTE;un;34.44;34,44
22010703;DISCO DE CORTE 7 (178 X 3.0) BASIC - TYROLIT;Acessórios de Serralheria;ABRASIVOS;DISCOS DE CORTE;un;11.87;11,87
22010701;DISCO DE CORTE 7 - NORTON;Acessórios de Serralheria;ABRASIVOS;DISCOS DE CORTE;un;16.96;16,96
21010019;ABAFADOR DE RUIDOS CG-103;Acessórios de Serralheria;EPIS;PROTETORES FACIAIS;un;39.93;39,93
21010014;PROTETOR FACIAL POL INC 8S/C;Acessórios de Serralheria;EPIS;PROTETORES FACIAIS;un;51.41;51,41
21010012;LENTE ESCURA 51 x 108 TON 12;Acessórios de Serralheria;EPIS;PROTETORES FACIAIS;un;3.17;3,17
21010010;LENTE ESCURA 51 x 108 TON 10;Acessórios de Serralheria;EPIS;PROTETORES FACIAIS;un;2.86;2,86
21010009;VIDRO INCOLOR 51 x 108mm;Acessórios de Serralheria;EPIS;PROTETORES FACIAIS;un;1.77;1,77
21010004;OCULOS MACARIQUEIRO 120;Acessórios de Serralheria;EPIS;PROTETORES FACIAIS;un;16.52;16,52
21010003;OCULOS AMPLA VISAO;Acessórios de Serralheria;EPIS;PROTETORES FACIAIS;un;23.63;23,63
20051612;BROCA SDS PLUS 160x12,0mm;Acessórios de Serralheria;SERRAS E BROCAS;BROCAS PARA CONCRETO;un;15.02;15,02
20041588;BROCA ACO RAPIDO 5/8 (15,87x186mm);Acessórios de Serralheria;SERRAS E BROCAS;BROCAS EM AÇO RÁPIDO;un;124.07;124,07
20040317;BROCA ACO RAPIDO 1/8 (3,18x70mm);Acessórios de Serralheria;SERRAS E BROCAS;BROCAS EM AÇO RÁPIDO;un;5.14;5,14
20040278;BROCA ACO RAPIDO 7/64 (2,78x67mm);Acessórios de Serralheria;SERRAS E BROCAS;BROCAS EM AÇO RÁPIDO;un;4.79;4,79
20010118;SERRA MANUAL BI-METAL 12 18D - STARRETT;Acessórios de Serralheria;SERRAS E BROCAS;SERRAS EM GERAL;un;12.43;12,43
20010001;SERRA MANUAL STARRETT;Acessórios de Serralheria;SERRAS E BROCAS;SERRAS EM GERAL;un;14.19;14,19
19039101;ROLDANA GALV 4 - 2 ROLAMENTOS;Acessórios de Serralheria;ROLDANAS E RODÍZIOS;ROLDANAS GALVANIZADAS;un;85.61;85,61
19039100;ROLDANA GALV 4;Acessórios de Serralheria;ROLDANAS E RODÍZIOS;ROLDANAS GALVANIZADAS;un;64.58;64,58
19037630;ROLDANA GALV TRUCK 3 C/ SUPORTE FECHADO P/ FERRO RED 5/8;Acessórios de Serralheria;ROLDANAS E RODÍZIOS;ROLDANAS GALVANIZADAS;un;153.25;153,25
19037622;ROLDANA GALV TRUCK 3 C/ SUPORTE FECHADO;Acessórios de Serralheria;ROLDANAS E RODÍZIOS;ROLDANAS GALVANIZADAS;un;147.48;147,48
19037621;ROLDANA GALV 3 - 2 ROLAMENTOS;Acessórios de Serralheria;ROLDANAS E RODÍZIOS;ROLDANAS GALVANIZADAS;un;55.21;55,21
19037620;ROLDANA GALV 3;Acessórios de Serralheria;ROLDANAS E RODÍZIOS;ROLDANAS GALVANIZADAS;un;30.75;30,75
19036351;ROLDANA GALV 2.1/2 - 2 ROLAMENTOS;Acessórios de Serralheria;ROLDANAS E RODÍZIOS;ROLDANAS GALVANIZADAS;un;39.39;39,39
19036350;ROLDANA GALV 2.1/2;Acessórios de Serralheria;ROLDANAS E RODÍZIOS;ROLDANAS GALVANIZADAS;un;20.76;20,76
19035081;ROLDANA GALV 2 - 2 ROLAMENTOS;Acessórios de Serralheria;ROLDANAS E RODÍZIOS;ROLDANAS GALVANIZADAS;un;25.07;25,07
19035080;ROLDANA GALV 2;Acessórios de Serralheria;ROLDANAS E RODÍZIOS;ROLDANAS GALVANIZADAS;un;17.43;17,43
19033810;ROLDANA GALV 1.1/2;Acessórios de Serralheria;ROLDANAS E RODÍZIOS;ROLDANAS GALVANIZADAS;un;14.29;14,29
19023804;RODIZIO QUADRUPLO 1.1/2 C/ CHAPA;Acessórios de Serralheria;ROLDANAS E RODÍZIOS;rodizios;un;50.67;50,67
19023802;RODIZIO DUPLO 1.1/2 C/ CHAPA;Acessórios de Serralheria;ROLDANAS E RODÍZIOS;rodizios;un;24.14;24,14
19023801;RODIZIO DUPLO 1;Acessórios de Serralheria;ROLDANAS E RODÍZIOS;rodizios;un;12.43;12,43
19019100;ROLDANA 4 V C/ SUPORTE FECHADO;Acessórios de Serralheria;ROLDANAS E RODÍZIOS;ROLDANAS;un;79.88;79,88
19017625;ROLDANA TIPO U 3 VERG 5/8 S/ SUPORTE;Acessórios de Serralheria;ROLDANAS E RODÍZIOS;ROLDANAS;un;38.5;38,50
19017624;ROLDANA TIPO U 3 VERG 5/8 C/ SUPORTE FECHADO;Acessórios de Serralheria;ROLDANAS E RODÍZIOS;ROLDANAS;un;52.41;52,41
19017623;ROLDANA TIPO U 3 VERG 5/8 C/ SUPORTE ABERTO;Acessórios de Serralheria;ROLDANAS E RODÍZIOS;ROLDANAS;un;52.77;52,77
19017621;ROLDANA 3 V C/ SUPORTE FECHADO;Acessórios de Serralheria;ROLDANAS E RODÍZIOS;ROLDANAS;un;48.98;48,98
19017620;ROLDANA 3 V C/ SUPORTE ABERTO;Acessórios de Serralheria;ROLDANAS E RODÍZIOS;ROLDANAS;un;50.33;50,33
19016516;ROLDANA GUIA 65 x 16;Acessórios de Serralheria;ROLDANAS E RODÍZIOS;ROLDANAS;un;30.55;30,55
19016515;ROLDANA GUIA 42 x 15;Acessórios de Serralheria;ROLDANAS E RODÍZIOS;ROLDANAS;un;17.59;17,59
19016510;ROLDANA GUIA ROLETE NYLON 44mm;Acessórios de Serralheria;ROLDANAS E RODÍZIOS;ROLDANAS;un;16.52;16,52
19016354;ROLDANA TIPO U 2.1/2 VERG 5/8 C/ SUPORTE FECHADO;Acessórios de Serralheria;ROLDANAS E RODÍZIOS;ROLDANAS;un;37.6;37,60
19016353;ROLDANA TIPO U 2.1/2 VERG 5/8 C/ SUPORTE ABERTO;Acessórios de Serralheria;ROLDANAS E RODÍZIOS;ROLDANAS;un;41.07;41,07
19016351;ROLDANA 2.1/2 V C/ SUPORTE FECHADO;Acessórios de Serralheria;ROLDANAS E RODÍZIOS;ROLDANAS;un;36.2;36,20
19016350;ROLDANA 2.1/2 V C/ SUPORTE ABERTO;Acessórios de Serralheria;ROLDANAS E RODÍZIOS;ROLDANAS;un;31.9;31,90
19015089;ROLDANA TIPO U 2 VERG 5/8 C/ SUPORTE E ROLAMENTO C/ BASE GIRATORIA;Acessórios de Serralheria;ROLDANAS E RODÍZIOS;ROLDANAS;un;41.15;41,15
19015088;ROLDANA TIPO U 2 VERG 1/2 C/ SUPORTE E ROLAMENTO C/ BASE GIRATORIA;Acessórios de Serralheria;ROLDANAS E RODÍZIOS;ROLDANAS;un;43.67;43,67
19015085;ROLDANA TIPO U 2 VERG 5/8 S/ SUPORTE;Acessórios de Serralheria;ROLDANAS E RODÍZIOS;ROLDANAS;un;28.44;28,44
19015084;ROLDANA TIPO U 2 VERG 5/8 C/ SUPORTE FECHADO;Acessórios de Serralheria;ROLDANAS E RODÍZIOS;ROLDANAS;un;20.77;20,77
19015083;ROLDANA TIPO U 2 VERG 5/8 C/ SUPORTE ABERTO;Acessórios de Serralheria;ROLDANAS E RODÍZIOS;ROLDANAS;un;31.15;31,15
19015082;ROLDANA TIPO U 2 VERG 1/2 C/ SUPORTE ABERTO;Acessórios de Serralheria;ROLDANAS E RODÍZIOS;ROLDANAS;un;28.87;28,87
19015081;ROLDANA 2 V C/ SUPORTE FECHADO;Acessórios de Serralheria;ROLDANAS E RODÍZIOS;ROLDANAS;un;24.36;24,36
19015080;ROLDANA 2 V C/ SUPORTE ABERTO;Acessórios de Serralheria;ROLDANAS E RODÍZIOS;ROLDANAS;un;19.92;19,92
19013811;ROLDANA 1.1/2 V C/ SUPORTE FECHADO;Acessórios de Serralheria;ROLDANAS E RODÍZIOS;ROLDANAS;un;20.38;20,38
19013810;ROLDANA 1.1/2 V C/ SUPORTE ABERTO;Acessórios de Serralheria;ROLDANAS E RODÍZIOS;ROLDANAS;un;18.35;18,35
18012001;GONZO C/ ABA N:1 (19 MM X 16 MM) ZINCADO;Acessórios de Serralheria;GONZOS E DOBRADIÇAS;GONZOS;un;15.6;15,60
18012000;GONZO C/ ABA N:0 (16 MM X 16 MM) ZINCADO;Acessórios de Serralheria;GONZOS E DOBRADIÇAS;GONZOS;un;11.57;11,57
18011103;GONZO C/ ABA 3/4 - PRETO;Acessórios de Serralheria;GONZOS E DOBRADIÇAS;GONZOS;un;6.6;6,60
18011102;GONZO C/ ABA 5/8 - PRETO;Acessórios de Serralheria;GONZOS E DOBRADIÇAS;GONZOS;un;4.98;4,98
18011101;GONZO C/ ABA 1/2 - PRETO;Acessórios de Serralheria;GONZOS E DOBRADIÇAS;GONZOS;un;3.22;3,22
18010105;GONZO 1 COM FURO;Acessórios de Serralheria;GONZOS E DOBRADIÇAS;GONZOS;un;21.36;21,36
18010104;GONZO 7/8 COM FURO;Acessórios de Serralheria;GONZOS E DOBRADIÇAS;GONZOS;un;10.33;10,33
18010103;GONZO 3/4 COM FURO;Acessórios de Serralheria;GONZOS E DOBRADIÇAS;GONZOS;un;6.63;6,63
18010102;GONZO 5/8 COM FURO;Acessórios de Serralheria;GONZOS E DOBRADIÇAS;GONZOS;un;4.14;4,14
18010101;GONZO 1/2 COM FURO;Acessórios de Serralheria;GONZOS E DOBRADIÇAS;GONZOS;un;2.19;2,19
18010006;GONZO 1.1/4 SEM FURO;Acessórios de Serralheria;GONZOS E DOBRADIÇAS;GONZOS;un;44.31;44,31
18010000;GONZO 3/8 SEM FURO;Acessórios de Serralheria;GONZOS E DOBRADIÇAS;GONZOS;un;1.19;1,19
17750012;BUCHA PLASTICA FIX N 12;Acessórios de Serralheria;parafusos e porcas 2;bucha e calco plast;CT;39.48;39,48
17750008;BUCHA PLASTICA FIX N 08;Acessórios de Serralheria;parafusos e porcas 2;bucha e calco plast;CT;11.63;11,63
17750006;BUCHA PLASTICA FIX N 06;Acessórios de Serralheria;parafusos e porcas 2;bucha e calco plast;CT;6.97;6,97
17462210;BARRA ROSQ AC UNC 7/8x1000 RI ZB;Acessórios de Serralheria;parafusos e porcas 2;barra rosq ac unc 3/16x1000 ri zb;un;63.47;63,47
17462010;BARRA ROSQ AC UNC 3/4x1000 RI ZB;Acessórios de Serralheria;parafusos e porcas 2;barra rosq ac unc 3/16x1000 ri zb;un;51.41;51,41
17461610;BARRA ROSQ AC UNC 5/8x1000 RI ZB;Acessórios de Serralheria;parafusos e porcas 2;barra rosq ac unc 3/16x1000 ri zb;un;34.77;34,77
17352540;ARRUELA LISA 1 ZB;Acessórios de Serralheria;parafusos e porcas 2;arruela lisa;un;0.8;0,80
17350635;ARRUELA LISA 1/4 ZB;Acessórios de Serralheria;parafusos e porcas 2;arruela lisa;un;0.19;0,19
17002233;PORCA SX UNC 7/8 CHV 1.5/16 ZB;Acessórios de Serralheria;parafusos e porcas 2;porca sx unc;un;2.94;2,94
17000611;PORCA SX UNC 1/4 CHV 7/16 ZB;Acessórios de Serralheria;parafusos e porcas 2;porca sx unc;un;0.1;0,10
15040616;REBITE REPUXO ALUM 6,2 x 16 POL;Construção Civil;PREGOS E PERFURANTES;rebites de aluminio;CT;16.2;16,20
15040612;REBITE REPUXO ALUM 6,2 x 12 POL;Construção Civil;PREGOS E PERFURANTES;rebites de aluminio;CT;24.75;24,75
15040525;REBITE REPUXO ALUM 4,8 x 25 POL;Construção Civil;PREGOS E PERFURANTES;rebites de aluminio;CT;17.33;17,33
15040425;REBITE REPUXO ALUM 4,0 x 25 POL;Construção Civil;PREGOS E PERFURANTES;rebites de aluminio;CT;19.32;19,32
15040325;REBITE REPUXO ALUM 3,2 x 25 POL;Construção Civil;PREGOS E PERFURANTES;rebites de aluminio;CT;13.26;13,26
15040322;REBITE REPUXO ALUM 3,2 x 22 POL;Construção Civil;PREGOS E PERFURANTES;rebites de aluminio;CT;9.12;9,12
15030306;REBITE MACICO CAB. CHATA 1/8 x 1/4;Construção Civil;PREGOS E PERFURANTES;REBITES MACIÇOS;kg;52.68;52,68
15015127;PREGO C/ CAB 5 x 5 (127,00x5,59mm);Construção Civil;PREGOS E PERFURANTES;PREGOS;kg;15.25;15,25
15011538;PREGO S/ CAB 1.1/2 x 15 (38,10x1,83mm);Construção Civil;PREGOS E PERFURANTES;PREGOS;kg;19.06;19,06
15011431;PREGO C/ CAB 1.1/4 x 14 (31,75x2,11mm);Construção Civil;PREGOS E PERFURANTES;PREGOS;kg;18.3;18,30
15011399;PREGO TELHEIRO GALV 2.1/2 x 10 (63,50x3,40mm);Construção Civil;PREGOS E PERFURANTES;PREGOS;kg;48.81;48,81
15011250;PREGO C/ CAB 2 x 12 (50,80x2,77mm);Construção Civil;PREGOS E PERFURANTES;PREGOS;kg;16.78;16,78
15011063;PREGO C/ CAB 2.1/2 x 10 (63,50x3,40mm);Construção Civil;PREGOS E PERFURANTES;PREGOS;kg;15.25;15,25
14109999;TUBO METALON 100 x 100 (3,00mm) 6m;Chapas, Tubos e Perfilados;TUBOS INDUSTRIAIS METALONS;tubos metalons 3.00mm;un;536.21;536,21
14108080;TUBO METALON 80 x 80 (3,00mm) 6m;Chapas, Tubos e Perfilados;TUBOS INDUSTRIAIS METALONS;tubos metalons 3.00mm;un;397.16;397,16
14099999;TUBO METALON 100 x 100 (2,65mm) 6m;Chapas, Tubos e Perfilados;TUBOS INDUSTRIAIS METALONS;tubos metalons 2.65mm;un;475.32;475,32
14098080;TUBO METALON 80 x 80 (2,65mm) 6m;Chapas, Tubos e Perfilados;TUBOS INDUSTRIAIS METALONS;tubos metalons 2.65mm;un;364.54;364,54
14097070;TUBO METALON 70 x 70 (2,65mm) 6m;Chapas, Tubos e Perfilados;TUBOS INDUSTRIAIS METALONS;tubos metalons 2.65mm;un;317.43;317,43
14096060;TUBO METALON 60 x 60 (2,65mm) 6m;Chapas, Tubos e Perfilados;TUBOS INDUSTRIAIS METALONS;tubos metalons 2.65mm;un;274.86;274,86
14095099;TUBO METALON 50 x 100 (2,65mm) 6m;Chapas, Tubos e Perfilados;TUBOS INDUSTRIAIS METALONS;tubos metalons 2.65mm;un;340.94;340,94
14095050;TUBO METALON 50 x 50 (2,65mm) 6m;Chapas, Tubos e Perfilados;TUBOS INDUSTRIAIS METALONS;tubos metalons 2.65mm;un;223.13;223,13
14094080;TUBO METALON 40 x 80 (2,65mm) 6m;Chapas, Tubos e Perfilados;TUBOS INDUSTRIAIS METALONS;tubos metalons 2.65mm;un;270.23;270,23
14094060;TUBO METALON 40 x 60 (2,65mm) 6m;Chapas, Tubos e Perfilados;TUBOS INDUSTRIAIS METALONS;tubos metalons 2.65mm;un;223.13;223,13
14094040;TUBO METALON 40 x 40 (2,65mm) 6m;Chapas, Tubos e Perfilados;TUBOS INDUSTRIAIS METALONS;tubos metalons 2.65mm;un;176.02;176,02
14093050;TUBO METALON 30 x 50 (2,65mm) 6m;Chapas, Tubos e Perfilados;TUBOS INDUSTRIAIS METALONS;tubos metalons 2.65mm;un;176.02;176,02
14079999;TUBO METALON GALV 100 X 100 (1,55MM) 6M;Chapas, Tubos e Perfilados;TUBOS INDUSTRIAIS METALONS;tubo metalon gal. 1.55mm;un;343.76;343,76
14078080;TUBO METALON GALV 80 x 80 (1,55mm) 6m;Chapas, Tubos e Perfilados;TUBOS INDUSTRIAIS METALONS;tubo metalon gal. 1.55mm;un;265.88;265,88
14076060;TUBO METALON GALV 60 x 60 (1,55mm) 6m;Chapas, Tubos e Perfilados;TUBOS INDUSTRIAIS METALONS;tubo metalon gal. 1.55mm;un;198.07;198,07
14075050;TUBO METALON GALV 50 x 50 (1,55mm) 6m;Chapas, Tubos e Perfilados;TUBOS INDUSTRIAIS METALONS;tubo metalon gal. 1.55mm;un;164.17;164,17
14074060;TUBO METALON GALV 40 x 60 (1,55mm) 6m;Chapas, Tubos e Perfilados;TUBOS INDUSTRIAIS METALONS;tubo metalon gal. 1.55mm;un;164.17;164,17
14074040;TUBO METALON GALV 40 x 40 (1,55mm) 6m;Chapas, Tubos e Perfilados;TUBOS INDUSTRIAIS METALONS;tubo metalon gal. 1.55mm;un;130.27;130,27
14073070;TUBO METALON GALV 30 x 70 (1,55mm) 6m;Chapas, Tubos e Perfilados;TUBOS INDUSTRIAIS METALONS;tubo metalon gal. 1.55mm;un;164.17;164,17
14073050;TUBO METALON GALV 30 x 50 (1,55mm) 6m;Chapas, Tubos e Perfilados;TUBOS INDUSTRIAIS METALONS;tubo metalon gal. 1.55mm;un;130.27;130,27
14073040;TUBO METALON GALV 30 x 40 (1,55mm) 6m;Chapas, Tubos e Perfilados;TUBOS INDUSTRIAIS METALONS;tubo metalon gal. 1.55mm;un;113.43;113,43
14073030;TUBO METALON GALV 30 x 30 (1,55mm) 6m;Chapas, Tubos e Perfilados;TUBOS INDUSTRIAIS METALONS;tubo metalon gal. 1.55mm;un;95.34;95,34
14072030;TUBO METALON GALV 20 x 30 (1,55mm) 6m;Chapas, Tubos e Perfilados;TUBOS INDUSTRIAIS METALONS;tubo metalon gal. 1.55mm;un;79.53;79,53
14072020;TUBO METALON GALV 20 x 20 (1,55mm) 6m;Chapas, Tubos e Perfilados;TUBOS INDUSTRIAIS METALONS;tubo metalon gal. 1.55mm;un;63.77;63,77
14064040;TUBO METALON GALV 40 x 40 (0,95mm) 6m;Chapas, Tubos e Perfilados;TUBOS INDUSTRIAIS METALONS;tubos metalons galv. 0,95 mm;un;80.27;80,27
14063050;TUBO METALON GALV 30 x 50 (0,95mm) 6m;Chapas, Tubos e Perfilados;TUBOS INDUSTRIAIS METALONS;tubos metalons galv. 0,95 mm;un;80.31;80,31
14063040;TUBO METALON GALV 30 x 40 (0,95mm) 6m;Chapas, Tubos e Perfilados;TUBOS INDUSTRIAIS METALONS;tubos metalons galv. 0,95 mm;un;69.91;69,91
14063030;TUBO METALON GALV 30 x 30 (0,95mm) 6m;Chapas, Tubos e Perfilados;TUBOS INDUSTRIAIS METALONS;tubos metalons galv. 0,95 mm;un;59.67;59,67
14062525;TUBO METALON GALV 25 x 25 (0,95mm) 6m;Chapas, Tubos e Perfilados;TUBOS INDUSTRIAIS METALONS;tubos metalons galv. 0,95 mm;un;49.42;49,42
14062040;TUBO METALON GALV 20 x 40 (0,95mm) 6m;Chapas, Tubos e Perfilados;TUBOS INDUSTRIAIS METALONS;tubos metalons galv. 0,95 mm;un;59.67;59,67
14062030;TUBO METALON GALV 20 x 30 (0,95mm) 6m;Chapas, Tubos e Perfilados;TUBOS INDUSTRIAIS METALONS;tubos metalons galv. 0,95 mm;un;49.0;49,00
14062020;TUBO METALON GALV 20 x 20 (0,95mm) 6m;Chapas, Tubos e Perfilados;TUBOS INDUSTRIAIS METALONS;tubos metalons galv. 0,95 mm;un;39.18;39,18
14061515;TUBO METALON GALV 15 x 15 (0,95mm) 6m;Chapas, Tubos e Perfilados;TUBOS INDUSTRIAIS METALONS;tubos metalons galv. 0,95 mm;un;31.09;31,09
14056060;TUBO METALON GALV 60 x 60 (1,25mm) 6m;Chapas, Tubos e Perfilados;TUBOS INDUSTRIAIS METALONS;TUBOS METALONS GALV. 1,20 MM;un;160.03;160,03
14055050;TUBO METALON GALV 50 x 50 (1,25mm) 6m;Chapas, Tubos e Perfilados;TUBOS INDUSTRIAIS METALONS;TUBOS METALONS GALV. 1,20 MM;un;130.59;130,59
14054080;TUBO METALON GALV 40 x 80 (1,25mm) 6m;Chapas, Tubos e Perfilados;TUBOS INDUSTRIAIS METALONS;TUBOS METALONS GALV. 1,20 MM;un;160.03;160,03
14054060;TUBO METALON GALV 40 x 60 (1,25mm) 6m;Chapas, Tubos e Perfilados;TUBOS INDUSTRIAIS METALONS;TUBOS METALONS GALV. 1,20 MM;un;130.59;130,59
14054040;TUBO METALON GALV 40 x 40 (1,25mm) 6m;Chapas, Tubos e Perfilados;TUBOS INDUSTRIAIS METALONS;TUBOS METALONS GALV. 1,20 MM;un;102.15;102,15
14053070;TUBO METALON GALV 30 x 70 (1,25mm) 6m;Chapas, Tubos e Perfilados;TUBOS INDUSTRIAIS METALONS;TUBOS METALONS GALV. 1,20 MM;un;130.59;130,59
14053050;TUBO METALON GALV 30 x 50 (1,25mm) 6m;Chapas, Tubos e Perfilados;TUBOS INDUSTRIAIS METALONS;TUBOS METALONS GALV. 1,20 MM;un;103.18;103,18
14053040;TUBO METALON GALV 30 x 40 (1,25mm) 6m;Chapas, Tubos e Perfilados;TUBOS INDUSTRIAIS METALONS;TUBOS METALONS GALV. 1,20 MM;un;90.0;90,00
14053030;TUBO METALON GALV 30 x 30 (1,25mm) 6m;Chapas, Tubos e Perfilados;TUBOS INDUSTRIAIS METALONS;TUBOS METALONS GALV. 1,20 MM;un;76.95;76,95
14052525;TUBO METALON GALV 25 x 25 (1,25mm) 6m;Chapas, Tubos e Perfilados;TUBOS INDUSTRIAIS METALONS;TUBOS METALONS GALV. 1,20 MM;un;62.9;62,90
14052040;TUBO METALON GALV 20 x 40 (1,25mm) 6m;Chapas, Tubos e Perfilados;TUBOS INDUSTRIAIS METALONS;TUBOS METALONS GALV. 1,20 MM;un;78.96;78,96
14052030;TUBO METALON GALV 20 x 30 (1,25mm) 6m;Chapas, Tubos e Perfilados;TUBOS INDUSTRIAIS METALONS;TUBOS METALONS GALV. 1,20 MM;un;62.9;62,90
14052020;TUBO METALON GALV 20 x 20 (1,25mm) 6m;Chapas, Tubos e Perfilados;TUBOS INDUSTRIAIS METALONS;TUBOS METALONS GALV. 1,20 MM;un;49.74;49,74
14051515;TUBO METALON GALV 15 x 15 (1,25mm) 6m;Chapas, Tubos e Perfilados;TUBOS INDUSTRIAIS METALONS;TUBOS METALONS GALV. 1,20 MM;un;38.64;38,64
14049999;TUBO METALON 100 x 100 (2,00mm) 6m;Chapas, Tubos e Perfilados;TUBOS INDUSTRIAIS METALONS;TUBOS METALONS DE 2,00 MM;un;379.06;379,06
14048080;TUBO METALON 80 x 80 (2,00mm) 6m;Chapas, Tubos e Perfilados;TUBOS INDUSTRIAIS METALONS;TUBOS METALONS DE 2,00 MM;un;279.76;279,76
14047070;TUBO METALON 70 x 70 (2,00mm) 6m;Chapas, Tubos e Perfilados;TUBOS INDUSTRIAIS METALONS;TUBOS METALONS DE 2,00 MM;un;243.83;243,83
14046060;TUBO METALON 60 x 60 (2,00mm) 6m;Chapas, Tubos e Perfilados;TUBOS INDUSTRIAIS METALONS;TUBOS METALONS DE 2,00 MM;un;208.0;208,00
14045099;TUBO METALON 50 X 100 (2,00mm) 6m;Chapas, Tubos e Perfilados;TUBOS INDUSTRIAIS METALONS;TUBOS METALONS DE 2,00 MM;un;262.31;262,31
14045050;TUBO METALON 50 x 50 (2,00mm) 6m;Chapas, Tubos e Perfilados;TUBOS INDUSTRIAIS METALONS;TUBOS METALONS DE 2,00 MM;un;172.17;172,17
14044099;TUBO METALON 40 X 100 (2,00mm) 6m;Chapas, Tubos e Perfilados;TUBOS INDUSTRIAIS METALONS;TUBOS METALONS DE 2,00 MM;un;243.83;243,83
14044080;TUBO METALON 40 x 80 (2,00mm) 6m;Chapas, Tubos e Perfilados;TUBOS INDUSTRIAIS METALONS;TUBOS METALONS DE 2,00 MM;un;208.0;208,00
14044060;TUBO METALON 40 x 60 (2,00mm) 6m;Chapas, Tubos e Perfilados;TUBOS INDUSTRIAIS METALONS;TUBOS METALONS DE 2,00 MM;un;172.17;172,17
14044040;TUBO METALON 40 x 40 (2,00mm) 6m;Chapas, Tubos e Perfilados;TUBOS INDUSTRIAIS METALONS;TUBOS METALONS DE 2,00 MM;un;136.33;136,33
14043070;TUBO METALON 30 x 70 (2,00mm) 6m;Chapas, Tubos e Perfilados;TUBOS INDUSTRIAIS METALONS;TUBOS METALONS DE 2,00 MM;un;172.17;172,17
14043050;TUBO METALON 50 x 30 (2,00mm) 6m;Chapas, Tubos e Perfilados;TUBOS INDUSTRIAIS METALONS;TUBOS METALONS DE 2,00 MM;un;136.33;136,33
14037070;TUBO METALON 70 x 70 (1,50mm) 6m;Chapas, Tubos e Perfilados;TUBOS INDUSTRIAIS METALONS;TUBOS METALONS DE 1,50 MM;un;191.96;191,96
14036060;TUBO METALON 60 x 60 (1,50mm) 6m;Chapas, Tubos e Perfilados;TUBOS INDUSTRIAIS METALONS;TUBOS METALONS DE 1,50 MM;un;163.87;163,87
14035050;TUBO METALON 50 x 50 (1,50mm) 6m;Chapas, Tubos e Perfilados;TUBOS INDUSTRIAIS METALONS;TUBOS METALONS DE 1,50 MM;un;135.88;135,88
14034080;TUBO METALON 40 x 80 (1,50mm) 6m;Chapas, Tubos e Perfilados;TUBOS INDUSTRIAIS METALONS;TUBOS METALONS DE 1,50 MM;un;163.87;163,87
14034060;TUBO METALON 40 x 60 (1,50mm) 6m;Chapas, Tubos e Perfilados;TUBOS INDUSTRIAIS METALONS;TUBOS METALONS DE 1,50 MM;un;135.88;135,88
14034040;TUBO METALON 40 x 40 (1,50mm) 6m;Chapas, Tubos e Perfilados;TUBOS INDUSTRIAIS METALONS;TUBOS METALONS DE 1,50 MM;un;107.89;107,89
14033070;TUBO METALON 30 X 70 (1,50MM) 6M;Chapas, Tubos e Perfilados;TUBOS INDUSTRIAIS METALONS;TUBOS METALONS DE 1,50 MM;un;135.88;135,88
14033050;TUBO METALON 30 x 50 (1,50mm) 6m;Chapas, Tubos e Perfilados;TUBOS INDUSTRIAIS METALONS;TUBOS METALONS DE 1,50 MM;un;107.89;107,89
14033040;TUBO METALON 30 x 40 (1,50mm) 6m;Chapas, Tubos e Perfilados;TUBOS INDUSTRIAIS METALONS;TUBOS METALONS DE 1,50 MM;un;93.89;93,89
14033030;TUBO METALON 30 x 30 (1,50mm) 6m;Chapas, Tubos e Perfilados;TUBOS INDUSTRIAIS METALONS;TUBOS METALONS DE 1,50 MM;un;79.8;79,80
14032030;TUBO METALON 20 x 30 (1,50mm) 6m;Chapas, Tubos e Perfilados;TUBOS INDUSTRIAIS METALONS;TUBOS METALONS DE 1,50 MM;un;65.8;65,80
14032020;TUBO METALON 20 x 20 (1,50mm) 6m;Chapas, Tubos e Perfilados;TUBOS INDUSTRIAIS METALONS;TUBOS METALONS DE 1,50 MM;un;51.81;51,81
14028080;TUBO METALON 80 x 80 (1,20mm) 6m;Chapas, Tubos e Perfilados;TUBOS INDUSTRIAIS METALONS;TUBOS METALONS DE 1,20 MM;un;173.33;173,33
14025050;TUBO METALON 50 x 50 (1,20mm) 6m;Chapas, Tubos e Perfilados;TUBOS INDUSTRIAIS METALONS;TUBOS METALONS DE 1,20 MM;un;107.26;107,26
14024080;TUBO METALON 40 x 80 (1,20mm) 6m;Chapas, Tubos e Perfilados;TUBOS INDUSTRIAIS METALONS;TUBOS METALONS DE 1,20 MM;un;129.28;129,28
14024060;TUBO METALON 40 x 60 (1,20mm) 6m;Chapas, Tubos e Perfilados;TUBOS INDUSTRIAIS METALONS;TUBOS METALONS DE 1,20 MM;un;107.26;107,26
14024040;TUBO METALON 40 x 40 (1,20mm) 6m;Chapas, Tubos e Perfilados;TUBOS INDUSTRIAIS METALONS;TUBOS METALONS DE 1,20 MM;un;85.33;85,33
14023070;TUBO METALON 30 x 70 (1,20mm) 6m;Chapas, Tubos e Perfilados;TUBOS INDUSTRIAIS METALONS;TUBOS METALONS DE 1,20 MM;un;107.26;107,26
14023050;TUBO METALON 30 x 50 (1,20mm) 6m;Chapas, Tubos e Perfilados;TUBOS INDUSTRIAIS METALONS;TUBOS METALONS DE 1,20 MM;un;85.33;85,33
14023040;TUBO METALON 30 x 40 (1,20mm) 6m;Chapas, Tubos e Perfilados;TUBOS INDUSTRIAIS METALONS;TUBOS METALONS DE 1,20 MM;un;74.27;74,27
14023030;TUBO METALON 30 x 30 (1,20mm) 6m;Chapas, Tubos e Perfilados;TUBOS INDUSTRIAIS METALONS;TUBOS METALONS DE 1,20 MM;un;63.31;63,31
14023016;TUBO OBLONGO 30 x 16 (1,20mm) 6m;Chapas, Tubos e Perfilados;TUBOS INDUSTRIAIS METALONS;TUBOS METALONS DE 1,20 MM;un;42.8;42,80
14022525;TUBO METALON 25 x 25 (1,20mm) 6m;Chapas, Tubos e Perfilados;TUBOS INDUSTRIAIS METALONS;TUBOS METALONS DE 1,20 MM;un;52.06;52,06
14022050;TUBO METALON 20 x 50 (1,20mm) 6m;Chapas, Tubos e Perfilados;TUBOS INDUSTRIAIS METALONS;TUBOS METALONS DE 1,20 MM;un;74.27;74,27
14022040;TUBO METALON 20 x 40 (1,20mm) 6m;Chapas, Tubos e Perfilados;TUBOS INDUSTRIAIS METALONS;TUBOS METALONS DE 1,20 MM;un;63.31;63,31
14022030;TUBO METALON 20 x 30 (1,20mm) 6m;Chapas, Tubos e Perfilados;TUBOS INDUSTRIAIS METALONS;TUBOS METALONS DE 1,20 MM;un;52.06;52,06
14022020;TUBO METALON 20 x 20 (1,20mm) 6m;Chapas, Tubos e Perfilados;TUBOS INDUSTRIAIS METALONS;TUBOS METALONS DE 1,20 MM;un;41.38;41,38
14021616;TUBO METALON 16 x 16 (1,20mm) 6m;Chapas, Tubos e Perfilados;TUBOS INDUSTRIAIS METALONS;TUBOS METALONS DE 1,20 MM;un;34.24;34,24
14014040;TUBO METALON 40 x 40 (0,90mm) 6m;Chapas, Tubos e Perfilados;TUBOS INDUSTRIAIS METALONS;TUBOS METALONS DE 0,90 MM;un;64.45;64,45
14013050;TUBO METALON 30 x 50 (0,90mm) 6m;Chapas, Tubos e Perfilados;TUBOS INDUSTRIAIS METALONS;TUBOS METALONS DE 0,90 MM;un;64.45;64,45
14013040;TUBO METALON 30 x 40 (0,90mm) 6m;Chapas, Tubos e Perfilados;TUBOS INDUSTRIAIS METALONS;TUBOS METALONS DE 0,90 MM;un;56.25;56,25
14013030;TUBO METALON 30 x 30 (0,90mm) 6m;Chapas, Tubos e Perfilados;TUBOS INDUSTRIAIS METALONS;TUBOS METALONS DE 0,90 MM;un;48.72;48,72
14012525;TUBO METALON 25 x 25 (0,90mm) 6m;Chapas, Tubos e Perfilados;TUBOS INDUSTRIAIS METALONS;TUBOS METALONS DE 0,90 MM;un;39.76;39,76
14012040;TUBO METALON 20 x 40 (0,90mm) 6m;Chapas, Tubos e Perfilados;TUBOS INDUSTRIAIS METALONS;TUBOS METALONS DE 0,90 MM;un;47.96;47,96
14012030;TUBO METALON 20 x 30 (0,90mm) 6m;Chapas, Tubos e Perfilados;TUBOS INDUSTRIAIS METALONS;TUBOS METALONS DE 0,90 MM;un;39.76;39,76
14012020;TUBO METALON 20 x 20 (0,90mm) 6m;Chapas, Tubos e Perfilados;TUBOS INDUSTRIAIS METALONS;TUBOS METALONS DE 0,90 MM;un;31.46;31,46
14011616;TUBO METALON 16 x 16 (0,90mm) 6m;Chapas, Tubos e Perfilados;TUBOS INDUSTRIAIS METALONS;TUBOS METALONS DE 0,90 MM;un;26.43;26,43
13049000;TUBO IND RED 4 (101,60) 2,00mm - 6m;Chapas, Tubos e Perfilados;TUBOS INDUSTRIAIS REDONDOS;TUBOS REDONDOS DE 2,00 MM;un;290.27;290,27
13047620;TUBO IND RED 3 (76,20) 2,00mm - 6m;Chapas, Tubos e Perfilados;TUBOS INDUSTRIAIS REDONDOS;TUBOS REDONDOS DE 2,00 MM;un;216.23;216,23
13045080;TUBO IND RED 2 (50,80) 2,00mm - 6m;Chapas, Tubos e Perfilados;TUBOS INDUSTRIAIS REDONDOS;TUBOS REDONDOS DE 2,00 MM;un;142.19;142,19
13043810;TUBO IND RED 1.1/2 (38,10) 2,00mm - 6m;Chapas, Tubos e Perfilados;TUBOS INDUSTRIAIS REDONDOS;TUBOS REDONDOS DE 2,00 MM;un;105.12;105,12
13043175;TUBO IND RED 1.1/4 (31,75) 2,00mm - 6m;Chapas, Tubos e Perfilados;TUBOS INDUSTRIAIS REDONDOS;TUBOS REDONDOS DE 2,00 MM;un;86.69;86,69
13042540;TUBO IND RED 1 (25,40) 2,00MM - 6M;Chapas, Tubos e Perfilados;TUBOS INDUSTRIAIS REDONDOS;TUBOS REDONDOS DE 2,00 MM;un;69.5;69,50
13035080;TUBO IND RED 2 (50,80) 1,50mm - 6m;Chapas, Tubos e Perfilados;TUBOS INDUSTRIAIS REDONDOS;TUBOS REDONDOS DE 1,50 MM;un;108.47;108,47
13033810;TUBO IND RED 1.1/2 (38,10) 1,50mm - 6m;Chapas, Tubos e Perfilados;TUBOS INDUSTRIAIS REDONDOS;TUBOS REDONDOS DE 1,50 MM;un;80.48;80,48
13025080;TUBO IND RED 2 (50,80) 1,20mm - 6m;Chapas, Tubos e Perfilados;TUBOS INDUSTRIAIS REDONDOS;TUBOS REDONDOS DE 1,20 MM;un;85.71;85,71
13023810;TUBO IND RED 1.1/2 (38,10) 1,20mm - 6m;Chapas, Tubos e Perfilados;TUBOS INDUSTRIAIS REDONDOS;TUBOS REDONDOS DE 1,20 MM;un;63.69;63,69
13023175;TUBO IND RED 1.1/4 (31,75) 1,20mm - 6m;Chapas, Tubos e Perfilados;TUBOS INDUSTRIAIS REDONDOS;TUBOS REDONDOS DE 1,20 MM;un;52.72;52,72
13022540;TUBO IND RED 1 (25,40) 1,20mm - 6m;Chapas, Tubos e Perfilados;TUBOS INDUSTRIAIS REDONDOS;TUBOS REDONDOS DE 1,20 MM;un;41.85;41,85
13022222;TUBO IND RED 7/8 (22,23) 1,20mm - 6m;Chapas, Tubos e Perfilados;TUBOS INDUSTRIAIS REDONDOS;TUBOS REDONDOS DE 1,20 MM;un;36.23;36,23
13021905;TUBO IND RED 3/4 (19,05) 1,20mm - 6m;Chapas, Tubos e Perfilados;TUBOS INDUSTRIAIS REDONDOS;TUBOS REDONDOS DE 1,20 MM;un;30.79;30,79
13021588;TUBO IND RED 5/8 (15,90) 1,20 MM - 6M;Chapas, Tubos e Perfilados;TUBOS INDUSTRIAIS REDONDOS;TUBOS REDONDOS DE 1,20 MM;un;27.9;27,90
13012222;TUBO IND RED 7/8 (22,23) 0,90mm - 6m;Chapas, Tubos e Perfilados;TUBOS INDUSTRIAIS REDONDOS;TUBOS REDONDOS DE 0,90 MM;un;27.65;27,65
13011905;TUBO IND RED 3/4 (19,05) 0,90mm - 6m;Chapas, Tubos e Perfilados;TUBOS INDUSTRIAIS REDONDOS;TUBOS REDONDOS DE 0,90 MM;un;23.55;23,55
13011588;TUBO IND RED 5/8 (15,90) 0,90mm - 6m;Chapas, Tubos e Perfilados;TUBOS INDUSTRIAIS REDONDOS;TUBOS REDONDOS DE 0,90 MM;un;21.39;21,39
13003175;TUBO IND RED 1.1/4 (31,75) 0,75mm - 6m;Chapas, Tubos e Perfilados;TUBOS INDUSTRIAIS REDONDOS;tubos redondos de 0,75 mm;un;32.98;32,98
13001905;TUBO IND RED 3/4 (19,05) 0,75mm - 6m;Chapas, Tubos e Perfilados;TUBOS INDUSTRIAIS REDONDOS;tubos redondos de 0,75 mm;un;19.73;19,73
13001588;TUBO IND RED 5/8 (15,90) 0,75mm - 6m;Chapas, Tubos e Perfilados;TUBOS INDUSTRIAIS REDONDOS;tubos redondos de 0,75 mm;un;17.67;17,67
12207633;TUBO COND 5580 GALV 2.1/2 (76,10) 3,35mm C/R LEVE;Chapas, Tubos e Perfilados;TUBOS PATENTES GALVANIZADOS;TUBOS NBR 5580 CLASSE LEVE;un;559.9;559,90
12204830;TUBO COND 5580 GALV 1.1/2 (48,30) 3,00mm C/R LEVE;Chapas, Tubos e Perfilados;TUBOS PATENTES GALVANIZADOS;TUBOS NBR 5580 CLASSE LEVE;un;317.03;317,03
12202122;TUBO COND 5580 GALV 1/2 (21,30) 2,25mm C/R LEVE;Chapas, Tubos e Perfilados;TUBOS PATENTES GALVANIZADOS;TUBOS NBR 5580 CLASSE LEVE;un;106.81;106,81
12037620;TUBO PAT GALV 3 (88,90) 1,95mm - 6m;Chapas, Tubos e Perfilados;TUBOS PATENTES GALVANIZADOS;TUBOS PATENTES GALV 1,95 MM;un;286.24;286,24
12036355;TUBO PAT GALV 2.1/2 (76,20) 1,95mm - 6m;Chapas, Tubos e Perfilados;TUBOS PATENTES GALVANIZADOS;TUBOS PATENTES GALV 1,95 MM;un;239.78;239,78
12035080;TUBO PAT GALV 2 (60,30) 1,95mm - 6m;Chapas, Tubos e Perfilados;TUBOS PATENTES GALVANIZADOS;TUBOS PATENTES GALV 1,95 MM;un;188.59;188,59
12033810;TUBO PAT GALV 1.1/2 (48,30) 1,95mm - 6m;Chapas, Tubos e Perfilados;TUBOS PATENTES GALVANIZADOS;TUBOS PATENTES GALV 1,95 MM;un;149.68;149,68
12033175;TUBO PAT GALV 1.1/4 (42,20) 1,95mm - 6m;Chapas, Tubos e Perfilados;TUBOS PATENTES GALVANIZADOS;TUBOS PATENTES GALV 1,95 MM;un;130.0;130,00
12032540;TUBO PAT GALV 1 (33,40) 1,95mm - 6m;Chapas, Tubos e Perfilados;TUBOS PATENTES GALVANIZADOS;TUBOS PATENTES GALV 1,95 MM;un;101.52;101,52
12031905;TUBO PAT GALV 3/4 (26,70) 1,95mm - 6m;Chapas, Tubos e Perfilados;TUBOS PATENTES GALVANIZADOS;TUBOS PATENTES GALV 1,95 MM;un;89.48;89,48
12031270;TUBO PAT GALV 1/2 (21,30) 1,95mm - 6m;Chapas, Tubos e Perfilados;TUBOS PATENTES GALVANIZADOS;TUBOS PATENTES GALV 1,95 MM;un;70.0;70,00
12026355;TUBO PAT GALV 2.1/2 (76,20mm) 1,55mm - 6m;Chapas, Tubos e Perfilados;TUBOS PATENTES GALVANIZADOS;TUBOS PATENTES GALV 1,55 MM;un;194.48;194,48
12025080;TUBO PAT GALV 2  (60,30) 1,55mm - 6m;Chapas, Tubos e Perfilados;TUBOS PATENTES GALVANIZADOS;TUBOS PATENTES GALV 1,55 MM;un;153.05;153,05
12023810;TUBO PAT GALV 1.1/2  (48,30) 1,55mm - 6m;Chapas, Tubos e Perfilados;TUBOS PATENTES GALVANIZADOS;TUBOS PATENTES GALV 1,55 MM;un;121.75;121,75
12023175;TUBO PAT GALV 1.1/4 (42,20) 1,55mm - 6m;Chapas, Tubos e Perfilados;TUBOS PATENTES GALVANIZADOS;TUBOS PATENTES GALV 1,55 MM;un;105.48;105,48
12022540;TUBO PAT GALV 1 (33,40) 1,55mm - 6m;Chapas, Tubos e Perfilados;TUBOS PATENTES GALVANIZADOS;TUBOS PATENTES GALV 1,55 MM;un;82.98;82,98
12021905;TUBO PAT GALV 3/4 (26,70) 1,55mm - 6m;Chapas, Tubos e Perfilados;TUBOS PATENTES GALVANIZADOS;TUBOS PATENTES GALV 1,55 MM;un;73.48;73,48
12021270;TUBO PAT GALV 1/2 (21,30) 1,55mm - 6m;Chapas, Tubos e Perfilados;TUBOS PATENTES GALVANIZADOS;TUBOS PATENTES GALV 1,55 MM;un;57.64;57,64
12015080;TUBO PAT GALV 2 (60,30) 1,25MM - 6M;Chapas, Tubos e Perfilados;TUBOS PATENTES GALVANIZADOS;TUBOS PATENTES GALV 1,25 MM;un;124.23;124,23
12013810;TUBO PAT GALV 1.1/2  (48,30) 1,25mm - 6m;Chapas, Tubos e Perfilados;TUBOS PATENTES GALVANIZADOS;TUBOS PATENTES GALV 1,25 MM;un;100.59;100,59
12013175;TUBO PAT GALV 1.1/4 (42,20) 1,25mm - 6m;Chapas, Tubos e Perfilados;TUBOS PATENTES GALVANIZADOS;TUBOS PATENTES GALV 1,25 MM;un;86.09;86,09
12012540;TUBO PAT GALV 1 (33,40) 1,25mm - 6m;Chapas, Tubos e Perfilados;TUBOS PATENTES GALVANIZADOS;TUBOS PATENTES GALV 1,25 MM;un;67.69;67,69
12011905;TUBO PAT GALV 3/4 (26,70) 1,25mm - 6m;Chapas, Tubos e Perfilados;TUBOS PATENTES GALVANIZADOS;TUBOS PATENTES GALV 1,25 MM;un;59.95;59,95
12011270;TUBO PAT GALV 1/2 (21,30) 1,25mm - 6m;Chapas, Tubos e Perfilados;TUBOS PATENTES GALVANIZADOS;TUBOS PATENTES GALV 1,25 MM;un;47.21;47,21
11066350;TUBO PATENTE 2.1/2 (76.20) 2,65mm - 6m;Chapas, Tubos e Perfilados;TUBOS PATENTES;tubos patentes 2,65 mm;un;253.41;253,41
11065080;TUBO PATENTE 2 (60,30) 2,65mm - 6m;Chapas, Tubos e Perfilados;TUBOS PATENTES;tubos patentes 2,65 mm;un;198.63;198,63
11063810;TUBO PATENTE 1.1/2 (48,30) 2,65mm - 6m;Chapas, Tubos e Perfilados;TUBOS PATENTES;tubos patentes 2,65 mm;un;158.84;158,84
11063175;TUBO PATENTE 1.1/4 (42,20) 2,65mm - 6m;Chapas, Tubos e Perfilados;TUBOS PATENTES;tubos patentes 2,65 mm;un;137.65;137,65
11062540;TUBO PATENTE 1 (33,40) PAR 2,65mm - 6m;Chapas, Tubos e Perfilados;TUBOS PATENTES;tubos patentes 2,65 mm;un;106.98;106,98
11047620;TUBO PATENTE 3 (88,90) 2,00mm - 6m;Chapas, Tubos e Perfilados;TUBOS PATENTES;tubos patentes 2,00 mm;un;231.99;231,99
11046350;TUBO PATENTE 2.1/2 (76,20) 2,00mm - 6m;Chapas, Tubos e Perfilados;TUBOS PATENTES;tubos patentes 2,00 mm;un;198.12;198,12
11045080;TUBO PATENTE 2 (60,30) 2,00mm - 6m;Chapas, Tubos e Perfilados;TUBOS PATENTES;tubos patentes 2,00 mm;un;157.17;157,17
11043810;TUBO PATENTE 1.1/2 (48,30) 2,00mm - 6m;Chapas, Tubos e Perfilados;TUBOS PATENTES;tubos patentes 2,00 mm;un;125.59;125,59
11043175;TUBO PATENTE 1.1/4 (42,20) 2,00mm - 6m;Chapas, Tubos e Perfilados;TUBOS PATENTES;tubos patentes 2,00 mm;un;109.32;109,32
11042540;TUBO PATENTE 1 (33,40) 2,00mm - 6m;Chapas, Tubos e Perfilados;TUBOS PATENTES;tubos patentes 2,00 mm;un;83.58;83,58
11041905;TUBO PATENTE 3/4 (26,70) 2,00mm - 6m;Chapas, Tubos e Perfilados;TUBOS PATENTES;tubos patentes 2,00 mm;un;76.47;76,47
11041270;TUBO PATENTE 1/2 (21,30) 2,00mm - 6m;Chapas, Tubos e Perfilados;TUBOS PATENTES;tubos patentes 2,00 mm;un;57.65;57,65
10082040;PERFIL U 4 ENCAIXE 2,00mm (93x30) 6m;Chapas, Tubos e Perfilados;PERFIS DE CHAPA VIRADA;perfis de encaixe;un;132.59;132,59
10082030;PERFIL U 3 ENCAIXE 2,00mm (68x30) 6m;Chapas, Tubos e Perfilados;PERFIS DE CHAPA VIRADA;perfis de encaixe;un;110.49;110,49
10073060;PERFIL U 6 ENRIJ 3,00mm (150x60x20) 6m;Chapas, Tubos e Perfilados;PERFIS DE CHAPA VIRADA;perfis u enrijecidos;un;337.4;337,40
10073050;PERFIL U 5 ENRIJ 3,00mm (127x50x20) 6m;Chapas, Tubos e Perfilados;PERFIS DE CHAPA VIRADA;perfis u enrijecidos;un;284.0;284,00
10073040;PERFIL U 4 ENRIJ 3,00mm (100x40x15) 6m;Chapas, Tubos e Perfilados;PERFIS DE CHAPA VIRADA;perfis u enrijecidos;un;217.61;217,61
10073030;PERFIL U 3 ENRIJ 3,00mm (75x40x15) 6m;Chapas, Tubos e Perfilados;PERFIS DE CHAPA VIRADA;perfis u enrijecidos;un;190.1;190,10
10072660;PERFIL U 6 ENRIJ 2,65mm (150x60x20) 6m;Chapas, Tubos e Perfilados;PERFIS DE CHAPA VIRADA;perfis u enrijecidos;un;303.62;303,62
10072650;PERFIL U 5 ENRIJ 2,65mm (127x50x20) 6m;Chapas, Tubos e Perfilados;PERFIS DE CHAPA VIRADA;perfis u enrijecidos;un;259.9;259,90
10072640;PERFIL U 4 ENRIJ 2,65mm (100x40x15) 6m;Chapas, Tubos e Perfilados;PERFIS DE CHAPA VIRADA;perfis u enrijecidos;un;204.26;204,26
10072630;PERFIL U 3 ENRIJ 2,65mm (75x40x15) 6m;Chapas, Tubos e Perfilados;PERFIS DE CHAPA VIRADA;perfis u enrijecidos;un;170.81;170,81
10072620;PERFIL U 2 ENRIJ 2,65mm (50x25x10) 6m;Chapas, Tubos e Perfilados;PERFIS DE CHAPA VIRADA;perfis u enrijecidos;un;105.24;105,24
10072050;PERFIL U 5 ENRIJ 2,00mm (127x50x20) 6m;Chapas, Tubos e Perfilados;PERFIS DE CHAPA VIRADA;perfis u enrijecidos;un;187.17;187,17
10072040;PERFIL U 4 ENRIJ 2,00mm (100x40x15) 6m;Chapas, Tubos e Perfilados;PERFIS DE CHAPA VIRADA;perfis u enrijecidos;un;155.4;155,40
10072030;PERFIL U 3 ENRIJ 2,00mm (75x40x15) 6m;Chapas, Tubos e Perfilados;PERFIS DE CHAPA VIRADA;perfis u enrijecidos;un;131.34;131,34
10072020;PERFIL U 2 ENRIJ 2,00mm (50x25x10) 6m;Chapas, Tubos e Perfilados;PERFIS DE CHAPA VIRADA;perfis u enrijecidos;un;80.2;80,20
10067560;PERFIL U 6 SIMP 4,75mm (150x50) 6m;Chapas, Tubos e Perfilados;PERFIS DE CHAPA VIRADA;perfis u simples;un;430.88;430,88
10067550;PERFIL U 5 SIMP 4,75mm (127x50) 6m;Chapas, Tubos e Perfilados;PERFIS DE CHAPA VIRADA;perfis u simples;un;384.76;384,76
10067540;PERFIL U 4 SIMP 4,75mm (100x40) 6m;Chapas, Tubos e Perfilados;PERFIS DE CHAPA VIRADA;perfis u simples;un;300.8;300,80
10066730;PERFIL U 3 SIMP 4,75mm (75x40) 6m;Chapas, Tubos e Perfilados;PERFIS DE CHAPA VIRADA;perfis u simples;un;254.27;254,27
10063060;PERFIL U 6 SIMP 3,00mm (150x50) 6m;Chapas, Tubos e Perfilados;PERFIS DE CHAPA VIRADA;perfis u simples;un;280.85;280,85
10063050;PERFIL U 5 SIMP 3,00mm (127x50) 6m;Chapas, Tubos e Perfilados;PERFIS DE CHAPA VIRADA;perfis u simples;un;253.94;253,94
10063040;PERFIL U 4 SIMP 3,00mm (100x40) 6m;Chapas, Tubos e Perfilados;PERFIS DE CHAPA VIRADA;perfis u simples;un;198.22;198,22
10063030;PERFIL U 3 SIMP 3,00mm (75x40) 6m;Chapas, Tubos e Perfilados;PERFIS DE CHAPA VIRADA;perfis u simples;un;169.74;169,74
10062660;PERFIL U 6 SIMP 2,65mm (150x50) 6m;Chapas, Tubos e Perfilados;PERFIS DE CHAPA VIRADA;perfis u simples;un;253.94;253,94
10062650;PERFIL U 5 SIMP 2,65mm (127x50) 6m;Chapas, Tubos e Perfilados;PERFIS DE CHAPA VIRADA;perfis u simples;un;228.85;228,85
10062640;PERFIL U 4 SIMP 2,65mm (100x40) 6m;Chapas, Tubos e Perfilados;PERFIS DE CHAPA VIRADA;perfis u simples;un;179.42;179,42
10062630;PERFIL U 3 SIMP 2,65mm (75x40) 6m;Chapas, Tubos e Perfilados;PERFIS DE CHAPA VIRADA;perfis u simples;un;150.94;150,94
10062620;PERFIL U 2 SIMP 2,65mm (50x25) 6m;Chapas, Tubos e Perfilados;PERFIS DE CHAPA VIRADA;perfis u simples;un;93.56;93,56
10062050;PERFIL U 5 SIMP 2,00mm (127x50) 6m;Chapas, Tubos e Perfilados;PERFIS DE CHAPA VIRADA;perfis u simples;un;173.79;173,79
10062040;PERFIL U 4 SIMP 2,00mm (100x40) 6m;Chapas, Tubos e Perfilados;PERFIS DE CHAPA VIRADA;perfis u simples;un;137.17;137,17
10062030;PERFIL U 3 SIMP 2,00mm (75x40) 6m;Chapas, Tubos e Perfilados;PERFIS DE CHAPA VIRADA;perfis u simples;un;115.58;115,58
10062020;PERFIL U 2 SIMP 2,00mm (50x25) 6m;Chapas, Tubos e Perfilados;PERFIS DE CHAPA VIRADA;perfis u simples;un;71.01;71,01
10031213;FORMA P/ TRELICA (120x125x30x2mm) 6m;Chapas, Tubos e Perfilados;PERFIS DE CHAPA VIRADA;OUTROS PERFIS DOBRADOS;un;199.5;199,50
10025040;PERFIL U STANLEY GAL 40x50x18x8 (1,10mm);Chapas, Tubos e Perfilados;PERFIS DE CHAPA VIRADA;PERFIS STANLEY;un;116.04;116,04
9022999;CHAPA ROLO N 28 (0,43MM) 100 CM;Chapas, Tubos e Perfilados;CHAPAS GALVANIZADAS;CHAPAS EM ROLO;kg;12.43;12,43
9022980;CHAPA ROLO N 28 (0,43MM) 80 CM;Chapas, Tubos e Perfilados;CHAPAS GALVANIZADAS;CHAPAS EM ROLO;kg;12.43;12,43
9022970;CHAPA ROLO N 28 (0,43MM) 70 CM;Chapas, Tubos e Perfilados;CHAPAS GALVANIZADAS;CHAPAS EM ROLO;kg;12.43;12,43
9022960;CHAPA ROLO N 28 (0,43MM) 60 CM;Chapas, Tubos e Perfilados;CHAPAS GALVANIZADAS;CHAPAS EM ROLO;kg;12.43;12,43
9022950;CHAPA ROLO N 28 (0,43MM) 50 CM;Chapas, Tubos e Perfilados;CHAPAS GALVANIZADAS;CHAPAS EM ROLO;kg;12.43;12,43
9022940;CHAPA ROLO N 28 (0,43MM) 40 CM;Chapas, Tubos e Perfilados;CHAPAS GALVANIZADAS;CHAPAS EM ROLO;kg;12.43;12,43
9022930;CHAPA ROLO N 28 (0,43MM) 30 CM;Chapas, Tubos e Perfilados;CHAPAS GALVANIZADAS;CHAPAS EM ROLO;kg;12.43;12,43
9022920;CHAPA ROLO N 28 (0,43MM) 20 CM;Chapas, Tubos e Perfilados;CHAPAS GALVANIZADAS;CHAPAS EM ROLO;kg;12.43;12,43
9022912;CHAPA ROLO N 28 (0,43MM) 120 CM;Chapas, Tubos e Perfilados;CHAPAS GALVANIZADAS;CHAPAS EM ROLO;kg;12.43;12,43
9022799;CHAPA ROLO N 26 (0,50MM) 100 CM;Chapas, Tubos e Perfilados;CHAPAS GALVANIZADAS;CHAPAS EM ROLO;kg;12.43;12,43
9022780;CHAPA ROLO N 26 (0,50MM) 80 CM;Chapas, Tubos e Perfilados;CHAPAS GALVANIZADAS;CHAPAS EM ROLO;kg;12.43;12,43
9022770;CHAPA ROLO N 26 (0,50MM) 70 CM;Chapas, Tubos e Perfilados;CHAPAS GALVANIZADAS;CHAPAS EM ROLO;kg;12.43;12,43
9022760;CHAPA ROLO N 26 (0,50MM) 60 CM;Chapas, Tubos e Perfilados;CHAPAS GALVANIZADAS;CHAPAS EM ROLO;kg;12.43;12,43
9022750;CHAPA ROLO N 26 (0,50MM) 50 CM;Chapas, Tubos e Perfilados;CHAPAS GALVANIZADAS;CHAPAS EM ROLO;kg;12.43;12,43
9022740;CHAPA ROLO N 26 (0,50MM) 40 CM;Chapas, Tubos e Perfilados;CHAPAS GALVANIZADAS;CHAPAS EM ROLO;kg;12.43;12,43
9022730;CHAPA ROLO N 26 (0,50MM) 30 CM;Chapas, Tubos e Perfilados;CHAPAS GALVANIZADAS;CHAPAS EM ROLO;kg;12.43;12,43
9022712;CHAPA ROLO N 26 (0,50MM) 120 CM;Chapas, Tubos e Perfilados;CHAPAS GALVANIZADAS;CHAPAS EM ROLO;kg;12.43;12,43
9012801;CHAPA GALV N 28 (0,43MM) 2 x 1,20;Chapas, Tubos e Perfilados;CHAPAS GALVANIZADAS;CHAPAS RETANGULARES;kg;96.41;96,41
9012800;CHAPA GALV N 28 (0,43mm) 2 X 1;Chapas, Tubos e Perfilados;CHAPAS GALVANIZADAS;CHAPAS RETANGULARES;kg;80.11;80,11
9012601;CHAPA GALV N 26 (0,50mm) 2 X 1,20;Chapas, Tubos e Perfilados;CHAPAS GALVANIZADAS;CHAPAS RETANGULARES;kg;111.78;111,78
9012600;CHAPA GALV N 26 (0,50mm) 2 X 1;Chapas, Tubos e Perfilados;CHAPAS GALVANIZADAS;CHAPAS RETANGULARES;kg;93.15;93,15
9012400;CHAPA GALV N 24 (0,65mm) 2 X 1;Chapas, Tubos e Perfilados;CHAPAS GALVANIZADAS;CHAPAS RETANGULARES;kg;121.68;121,68
9012203;CHAPA GALV N 22 (0,80mm) 3 X 1,20;Chapas, Tubos e Perfilados;CHAPAS GALVANIZADAS;CHAPAS RETANGULARES;kg;262.45;262,45
9012201;CHAPA GALV N 22 (0,80mm) 2 X 1,20;Chapas, Tubos e Perfilados;CHAPAS GALVANIZADAS;CHAPAS RETANGULARES;kg;178.01;178,01
9012200;CHAPA GALV N 22 (0,80mm) 2 X 1;Chapas, Tubos e Perfilados;CHAPAS GALVANIZADAS;CHAPAS RETANGULARES;kg;149.04;149,04
9012003;CHAPA GALV N 20 (0,95mm) 3 X 1,20;Chapas, Tubos e Perfilados;CHAPAS GALVANIZADAS;CHAPAS RETANGULARES;kg;308.1;308,10
9012002;CHAPA GALV N 20 (0,95mm) 2 X 1,20;Chapas, Tubos e Perfilados;CHAPAS GALVANIZADAS;CHAPAS RETANGULARES;kg;215.41;215,41
9012000;CHAPA GALV N 20 (0,95mm) 2 X 1;Chapas, Tubos e Perfilados;CHAPAS GALVANIZADAS;CHAPAS RETANGULARES;kg;176.87;176,87
9011804;CHAPA GALV N 18 (1,25mm) 3 X 1,20;Chapas, Tubos e Perfilados;CHAPAS GALVANIZADAS;CHAPAS RETANGULARES;kg;425.58;425,58
9011802;CHAPA GALV N 18 (1,25mm) 2 X 1,20;Chapas, Tubos e Perfilados;CHAPAS GALVANIZADAS;CHAPAS RETANGULARES;kg;273.86;273,86
9011800;CHAPA GALV N 18 (1,25mm) 2 X 1;Chapas, Tubos e Perfilados;CHAPAS GALVANIZADAS;CHAPAS RETANGULARES;kg;228.22;228,22
9011602;CHAPA GALV N 16 (1,55mm) 3 X 1,20;Chapas, Tubos e Perfilados;CHAPAS GALVANIZADAS;CHAPAS RETANGULARES;kg;515.78;515,78
9011601;CHAPA GALV N 16 (1,55mm) 2 X 1,20;Chapas, Tubos e Perfilados;CHAPAS GALVANIZADAS;CHAPAS RETANGULARES;kg;349.31;349,31
9011600;CHAPA GALV N 16 (1,55mm) 2 X 1;Chapas, Tubos e Perfilados;CHAPAS GALVANIZADAS;CHAPAS RETANGULARES;kg;291.1;291,10
9011402;CHAPA GALV N 14 (1,95mm) 3 X 1,20;Chapas, Tubos e Perfilados;CHAPAS GALVANIZADAS;CHAPAS RETANGULARES;kg;613.4;613,40
9011401;CHAPA GALV N 14 (1,95mm) 2 X 1,20;Chapas, Tubos e Perfilados;CHAPAS GALVANIZADAS;CHAPAS RETANGULARES;kg;417.5;417,50
9011400;CHAPA GALV N 14 (1,95mm) 2 X 1;Chapas, Tubos e Perfilados;CHAPAS GALVANIZADAS;CHAPAS RETANGULARES;kg;334.0;334,00
8036350;CHAPA XADREZ 1/4 (6,30mm) 2 x 1,20;Chapas, Tubos e Perfilados;CHAPAS PRETAS E GROSSAS;CHAPAS XADREZ;kg;1267.2;1,267,20
8034763;CHAPA XADREZ 3/16 (4,75mm) 3 x 1,20;Chapas, Tubos e Perfilados;CHAPAS PRETAS E GROSSAS;CHAPAS XADREZ;kg;1445.57;1,445,57
8034761;CHAPA XADREZ 3/16 (4,75mm) 2 x 1;Chapas, Tubos e Perfilados;CHAPAS PRETAS E GROSSAS;CHAPAS XADREZ;kg;793.84;793,84
8034760;CHAPA XADREZ 3/16 (4,75mm) 2 x 1,20;Chapas, Tubos e Perfilados;CHAPAS PRETAS E GROSSAS;CHAPAS XADREZ;kg;955.55;955,55
8033184;CHAPA XADREZ 1/8 (3,00mm) 3 x 1,20;Chapas, Tubos e Perfilados;CHAPAS PRETAS E GROSSAS;CHAPAS XADREZ;kg;930.47;930,47
8033181;CHAPA XADREZ 1/8 (3,00mm) 2 x 1,20;Chapas, Tubos e Perfilados;CHAPAS PRETAS E GROSSAS;CHAPAS XADREZ;kg;621.98;621,98
8033180;CHAPA XADREZ 1/8 (3,00mm) 2 x 1;Chapas, Tubos e Perfilados;CHAPAS PRETAS E GROSSAS;CHAPAS XADREZ;kg;517.48;517,48
8031203;CHAPA XADREZ N 12 (2,65mm) 3 x 1,20;Chapas, Tubos e Perfilados;CHAPAS PRETAS E GROSSAS;CHAPAS XADREZ;kg;819.51;819,51
8031200;CHAPA XADREZ N 12 (2,65mm) 2 x 1,20;Chapas, Tubos e Perfilados;CHAPAS PRETAS E GROSSAS;CHAPAS XADREZ;kg;547.34;547,34
8021271;CHAPA GROSSA (LQ) 1/2 (12,50mm) 2 x 1,20;Chapas, Tubos e Perfilados;CHAPAS PRETAS E GROSSAS;CHAPAS GROSSAS;kg;2352.34;2,352,34
8021270;CHAPA GROSSA (LQ) 1/2 (12,50mm) 2 x 1;Chapas, Tubos e Perfilados;CHAPAS PRETAS E GROSSAS;CHAPAS GROSSAS;kg;1892.33;1,892,33
8020954;CHAPA GROSSA (LQ) 3/8 (9,50mm) 2 x 1,20;Chapas, Tubos e Perfilados;CHAPAS PRETAS E GROSSAS;CHAPAS GROSSAS;kg;1715.21;1,715,21
8020953;CHAPA GROSSA (LQ) 3/8 (9,50mm) 2 x 1;Chapas, Tubos e Perfilados;CHAPAS PRETAS E GROSSAS;CHAPAS GROSSAS;kg;1463.52;1,463,52
8020795;CHAPA GROSSA (LQ) 5/16 (8,00mm) 2 x 1,20;Chapas, Tubos e Perfilados;CHAPAS PRETAS E GROSSAS;CHAPAS GROSSAS;kg;1444.88;1,444,88
8020794;CHAPA GROSSA (LQ) 5/16 (8,00mm) 2 x 1;Chapas, Tubos e Perfilados;CHAPAS PRETAS E GROSSAS;CHAPAS GROSSAS;kg;1211.83;1,211,83
8020638;CHAPA GROSSA (LQ) 1/4 (6,30MM) 3 X 1,50;Chapas, Tubos e Perfilados;CHAPAS PRETAS E GROSSAS;CHAPAS GROSSAS;kg;2209.27;2,209,27
8020637;CHAPA GROSSA (LQ) 1/4 (6,30mm) 3 x 1,20;Chapas, Tubos e Perfilados;CHAPAS PRETAS E GROSSAS;CHAPAS GROSSAS;kg;1715.21;1,715,21
8020636;CHAPA GROSSA (LQ) 1/4 (6,30mm) 2 x 1,20;Chapas, Tubos e Perfilados;CHAPAS PRETAS E GROSSAS;CHAPAS GROSSAS;kg;1127.94;1,127,94
8020635;CHAPA GROSSA (LQ) 1/4 (6,30mm) 2 x 1;Chapas, Tubos e Perfilados;CHAPAS PRETAS E GROSSAS;CHAPAS GROSSAS;kg;950.82;950,82
8020480;CHAPA GROSSA (LQ) 3/16 (4,75mm) 3 x 1,50;Chapas, Tubos e Perfilados;CHAPAS PRETAS E GROSSAS;CHAPAS GROSSAS;kg;1464.59;1,464,59
8020478;CHAPA GROSSA (LQ) 3/16 (4,75mm) 3 x 1,20;Chapas, Tubos e Perfilados;CHAPAS PRETAS E GROSSAS;CHAPAS GROSSAS;kg;1214.13;1,214,13
8020477;CHAPA GROSSA (LQ) 3/16 (4,75mm) 2 x 1,20;Chapas, Tubos e Perfilados;CHAPAS PRETAS E GROSSAS;CHAPAS GROSSAS;kg;791.73;791,73
8020476;CHAPA GROSSA (LQ) 3/16 (4,75mm) 2 x 1;Chapas, Tubos e Perfilados;CHAPAS PRETAS E GROSSAS;CHAPAS GROSSAS;kg;658.01;658,01
8020320;CHAPA GROSSA (LQ) 1/8 (3,00mm) 3 x 1,20;Chapas, Tubos e Perfilados;CHAPAS PRETAS E GROSSAS;CHAPAS GROSSAS;kg;742.91;742,91
8020319;CHAPA GROSSA (LQ) 1/8 (3,00mm) 2 x 1,20;Chapas, Tubos e Perfilados;CHAPAS PRETAS E GROSSAS;CHAPAS GROSSAS;kg;496.69;496,69
8020318;CHAPA GROSSA (LQ) 1/8 (3,00mm) 2 x 1;Chapas, Tubos e Perfilados;CHAPAS PRETAS E GROSSAS;CHAPAS GROSSAS;kg;419.43;419,43
8012001;CHAPA PRETA (LF) N 20 (0,90mm) 2 x 1,20;Chapas, Tubos e Perfilados;CHAPAS PRETAS E GROSSAS;CHAPAS PRETAS;kg;167.55;167,55
8012000;CHAPA PRETA (LF) N 20 (0,90mm) 2 x 1;Chapas, Tubos e Perfilados;CHAPAS PRETAS E GROSSAS;CHAPAS PRETAS;kg;134.97;134,97
8011803;CHAPA PRETA (LF) N 18 (1,20MM) 3 X 1;Chapas, Tubos e Perfilados;CHAPAS PRETAS E GROSSAS;CHAPAS PRETAS;kg;278.04;278,04
8011802;CHAPA PRETA (LF) N 18 (1,20mm) 3 x 1,20;Chapas, Tubos e Perfilados;CHAPAS PRETAS E GROSSAS;CHAPAS PRETAS;kg;323.0;323,00
8011801;CHAPA PRETA (LF) N 18 (1,20mm) 2 x 1,20;Chapas, Tubos e Perfilados;CHAPAS PRETAS E GROSSAS;CHAPAS PRETAS;kg;214.1;214,10
8011800;CHAPA PRETA (LF) N 18 (1,20mm) 2 x 1;Chapas, Tubos e Perfilados;CHAPAS PRETAS E GROSSAS;CHAPAS PRETAS;kg;181.52;181,52
8011605;CHAPA PRETA (LQ) N 16 (1,50mm) 3 x 1,20;Chapas, Tubos e Perfilados;CHAPAS PRETAS E GROSSAS;CHAPAS PRETAS;kg;400.88;400,88
8011601;CHAPA PRETA (LQ) N 16 (1,50mm) 2 x 1,20;Chapas, Tubos e Perfilados;CHAPAS PRETAS E GROSSAS;CHAPAS PRETAS;kg;276.47;276,47
8011600;CHAPA PRETA (LQ) N 16 (1,50mm) 2 x 1;Chapas, Tubos e Perfilados;CHAPAS PRETAS E GROSSAS;CHAPAS PRETAS;kg;221.18;221,18
8011402;CHAPA PRETA (LQ) N 14 (2,00mm) 3 x 1,20;Chapas, Tubos e Perfilados;CHAPAS PRETAS E GROSSAS;CHAPAS PRETAS;kg;518.69;518,69
8011401;CHAPA PRETA (LQ) N 14 (2,00mm) 2 x 1,20;Chapas, Tubos e Perfilados;CHAPAS PRETAS E GROSSAS;CHAPAS PRETAS;kg;342.86;342,86
8011400;CHAPA PRETA (LQ) N 14 (2,00mm) 2 x 1;Chapas, Tubos e Perfilados;CHAPAS PRETAS E GROSSAS;CHAPAS PRETAS;kg;281.32;281,32
8011202;CHAPA PRETA (LQ) N 12 (2,65mm) 3 x 1,20;Chapas, Tubos e Perfilados;CHAPAS PRETAS E GROSSAS;CHAPAS PRETAS;kg;659.5;659,50
8011201;CHAPA PRETA (LQ) N 12 (2,65mm) 2 x 1,20;Chapas, Tubos e Perfilados;CHAPAS PRETAS E GROSSAS;CHAPAS PRETAS;kg;441.09;441,09
7033625;PERFIL ESTR. W 360 X 101 (357X255X10,5MM) 12M;Barras, Vigas e Perfis;VIGAS;perfis w;kg;14498.67;14,498,67
7033132;PERFIL ESTR. W 310 x 32,7 (313x102x6,6mm);Barras, Vigas e Perfis;VIGAS;perfis w;kg;2356.63;2,356,63
7033123;PERFIL ESTR. W 310 x 23,8 (305x101x5,6mm);Barras, Vigas e Perfis;VIGAS;perfis w;kg;1734.58;1,734,58
7032538;PERFIL ESTR. W 250 X 38,5 (262X147X6,6MM);Barras, Vigas e Perfis;VIGAS;perfis w;kg;2799.25;2,799,25
7032533;PERFIL ESTR. W 250 X 32,7 (258X146X6,1MM) 12M;Barras, Vigas e Perfis;VIGAS;perfis w;kg;4713.26;4,713,26
7032532;PERFIL ESTR. W 250 x 32,7 (258x146x6,1mm);Barras, Vigas e Perfis;VIGAS;perfis w;kg;2356.63;2,356,63
7032525;PERFIL ESTR. W 250 x 25,3 (257x102x6,1mm);Barras, Vigas e Perfis;VIGAS;perfis w;kg;1818.32;1,818,32
7032026;PERFIL ESTR. W 200 x 26,6 (207x133x5,8mm);Barras, Vigas e Perfis;VIGAS;perfis w;kg;1914.02;1,914,02
7032022;PERFIL ESTR. W 200 x 22,5 (206x102x6,2mm);Barras, Vigas e Perfis;VIGAS;perfis w;kg;1638.88;1,638,88
7032015;PERFIL ESTR. W 200 x 15,0 (200x100x4,3mm);Barras, Vigas e Perfis;VIGAS;perfis w;kg;1118.8;1,118,80
7031518;PERFIL ESTR. W 150 x 18,0 (153x102x5,8mm);Barras, Vigas e Perfis;VIGAS;perfis w;kg;1340.1;1,340,10
7031513;PERFIL ESTR. W 150 x 13,0 (148x100x4,3mm);Barras, Vigas e Perfis;VIGAS;perfis w;kg;973.72;973,72
7020687;VIGA I 6 (152,4 x 8,71mm) 2 ALMA;Barras, Vigas e Perfis;VIGAS;VIGAS I ASTM A-36;kg;1295.17;1,295,17
7020606;VIGA I 6 (152,4 x 5,89mm) 1 ALMA;Barras, Vigas e Perfis;VIGAS;VIGAS I ASTM A-36;kg;1113.65;1,113,65
7020464;VIGA I 4 (101,6 x 6,43mm) 2 ALMA;Barras, Vigas e Perfis;VIGAS;VIGAS I ASTM A-36;kg;745.7;745,70
7020405;VIGA I 4 (101,6 x 4,90mm) 1 ALMA;Barras, Vigas e Perfis;VIGAS;VIGAS I ASTM A-36;kg;706.46;706,46
7020304;VIGA I 3 (76,2 x 4,32mm) 1 ALMA;Barras, Vigas e Perfis;VIGAS;VIGAS I ASTM A-36;kg;507.28;507,28
7010679;VIGA U 6 (152,4 X 7,98MM) 2 ALMA;Barras, Vigas e Perfis;VIGAS;VIGAS U ASTM A-36;kg;941.94;941,94
7010605;VIGA U 6 (152,4 x 5,10mm) 1 ALMA;Barras, Vigas e Perfis;VIGAS;VIGAS U ASTM A-36;kg;730.99;730,99
7010405;VIGA U 4 (101,6 x 4,67mm) 1 ALMA;Barras, Vigas e Perfis;VIGAS;VIGAS U ASTM A-36;kg;480.78;480,78
7010304;VIGA U 3 (76,2 x 4,32mm) 1 ALMA;Barras, Vigas e Perfis;VIGAS;VIGAS U ASTM A-36;kg;365.0;365,00
6037620;BARRA REDONDA 3 (76,20mm) SAE1020;Barras, Vigas e Perfis;BARRAS EM AÇOS ESPECIAIS;AÇO SAE 1010/1020;kg;2530.3;2,530,30
6036350;BARRA REDONDA 2.1/2 (63,50mm) SAE1020;Barras, Vigas e Perfis;BARRAS EM AÇOS ESPECIAIS;AÇO SAE 1010/1020;kg;1686.87;1,686,87
6035080;BARRA REDONDA 2 (50,80mm) SAE1020;Barras, Vigas e Perfis;BARRAS EM AÇOS ESPECIAIS;AÇO SAE 1010/1020;kg;1113.33;1,113,33
6032857;BARRA REDONDA 1.1/8 (28,58mm) SAE1020;Barras, Vigas e Perfis;BARRAS EM AÇOS ESPECIAIS;AÇO SAE 1010/1020;kg;348.62;348,62
6032222;BARRA REDONDA 7/8 (22,22mm) SAE1020;Barras, Vigas e Perfis;BARRAS EM AÇOS ESPECIAIS;AÇO SAE 1010/1020;kg;189.13;189,13
6027620;BARRA RED TREF 3 (76,20mm) SAE1045;Barras, Vigas e Perfis;BARRAS EM AÇOS ESPECIAIS;AÇO TREFILADO SAE 1045;kg;3073.39;3,073,39
6026350;BARRA RED TREF 2.1/2 (63,50mm) SAE1045;Barras, Vigas e Perfis;BARRAS EM AÇOS ESPECIAIS;AÇO TREFILADO SAE 1045;kg;2133.92;2,133,92
6025080;BARRA RED TREF 2 (50,80mm) SAE1045;Barras, Vigas e Perfis;BARRAS EM AÇOS ESPECIAIS;AÇO TREFILADO SAE 1045;kg;1364.88;1,364,88
6024445;BARRA RED TREF 1.3/4 (44,45mm) SAE1045;Barras, Vigas e Perfis;BARRAS EM AÇOS ESPECIAIS;AÇO TREFILADO SAE 1045;kg;1046.17;1,046,17
6023810;BARRA RED TREF 1.1/2 (38,10mm) SAE1045;Barras, Vigas e Perfis;BARRAS EM AÇOS ESPECIAIS;AÇO TREFILADO SAE 1045;kg;803.68;803,68
6023175;BARRA RED TREF 1.1/4 (31,75mm) SAE1045;Barras, Vigas e Perfis;BARRAS EM AÇOS ESPECIAIS;AÇO TREFILADO SAE 1045;kg;547.34;547,34
6022857;BARRA RED TREF 1.1/8 (28,58mm) SAE1045;Barras, Vigas e Perfis;BARRAS EM AÇOS ESPECIAIS;AÇO TREFILADO SAE 1045;kg;443.41;443,41
6022540;BARRA RED TREF 1 (25,40mm) SAE1045;Barras, Vigas e Perfis;BARRAS EM AÇOS ESPECIAIS;AÇO TREFILADO SAE 1045;kg;346.42;346,42
6022222;BARRA RED TREF 7/8 (22,22mm) SAE1045;Barras, Vigas e Perfis;BARRAS EM AÇOS ESPECIAIS;AÇO TREFILADO SAE 1045;kg;267.43;267,43
6021905;BARRA RED TREF 3/4 (19,05mm) SAE1045;Barras, Vigas e Perfis;BARRAS EM AÇOS ESPECIAIS;AÇO TREFILADO SAE 1045;kg;193.99;193,99
6021555;BARRA RED TREF 5/8 (15,88mm) SAE1045;Barras, Vigas e Perfis;BARRAS EM AÇOS ESPECIAIS;AÇO TREFILADO SAE 1045;kg;133.02;133,02
6021270;BARRA RED TREF 1/2 (12,70mm) SAE1045;Barras, Vigas e Perfis;BARRAS EM AÇOS ESPECIAIS;AÇO TREFILADO SAE 1045;kg;83.14;83,14
6017620;BARRA RED TREF 3 (76,20mm) SAE1020;Barras, Vigas e Perfis;BARRAS EM AÇOS ESPECIAIS;AÇO TREFILADO SAE 1010/1020;kg;3091.41;3,091,41
6016350;BARRA RED TREF 2.1/2 (63,50mm) SAE1020;Barras, Vigas e Perfis;BARRAS EM AÇOS ESPECIAIS;AÇO TREFILADO SAE 1010/1020;kg;2016.13;2,016,13
6015080;BARRA RED TREF 2 (50,80mm) SAE1020;Barras, Vigas e Perfis;BARRAS EM AÇOS ESPECIAIS;AÇO TREFILADO SAE 1010/1020;kg;1330.65;1,330,65
6014445;BARRA RED TREF 1.3/4 (44,45mm) SAE1020;Barras, Vigas e Perfis;BARRAS EM AÇOS ESPECIAIS;AÇO TREFILADO SAE 1010/1020;kg;967.74;967,74
6013810;BARRA RED TREF 1.1/2 (38,10mm) SAE1020;Barras, Vigas e Perfis;BARRAS EM AÇOS ESPECIAIS;AÇO TREFILADO SAE 1010/1020;kg;752.69;752,69
6013175;BARRA RED TREF 1.1/4 (31,75mm) SAE1020;Barras, Vigas e Perfis;BARRAS EM AÇOS ESPECIAIS;AÇO TREFILADO SAE 1010/1020;kg;530.92;530,92
6012857;BARRA RED TREF 1.1/8 (28,58mm) SAE1020;Barras, Vigas e Perfis;BARRAS EM AÇOS ESPECIAIS;AÇO TREFILADO SAE 1010/1020;kg;443.55;443,55
6012222;BARRA RED TREF 7/8 (22,22mm) SAE1020;Barras, Vigas e Perfis;BARRAS EM AÇOS ESPECIAIS;AÇO TREFILADO SAE 1010/1020;kg;248.66;248,66
6011905;BARRA RED TREF 3/4 (19,05mm) SAE1020;Barras, Vigas e Perfis;BARRAS EM AÇOS ESPECIAIS;AÇO TREFILADO SAE 1010/1020;kg;193.55;193,55
6011588;BARRA RED TREF 5/8 (15,88mm) SAE1020;Barras, Vigas e Perfis;BARRAS EM AÇOS ESPECIAIS;AÇO TREFILADO SAE 1010/1020;kg;134.41;134,41
6011270;BARRA RED TREF 1/2 (12,70mm) SAE1020;Barras, Vigas e Perfis;BARRAS EM AÇOS ESPECIAIS;AÇO TREFILADO SAE 1010/1020;kg;80.65;80,65
6010952;BARRA RED TREF 3/8 (9,52mm) SAE1020;Barras, Vigas e Perfis;BARRAS EM AÇOS ESPECIAIS;AÇO TREFILADO SAE 1010/1020;kg;51.08;51,08
6010794;BARRA RED TREF 5/16 (7,94mm) SAE1020;Barras, Vigas e Perfis;BARRAS EM AÇOS ESPECIAIS;AÇO TREFILADO SAE 1010/1020;kg;33.6;33,60
6010635;BARRA RED TREF 1/4 (6,35mm) SAE1020;Barras, Vigas e Perfis;BARRAS EM AÇOS ESPECIAIS;AÇO TREFILADO SAE 1010/1020;kg;22.18;22,18
5051250;BARRA ESTRELA 1/2 (12,70mm);Barras, Vigas e Perfis;BARRAS E PERFIS ASTM-A36;BARRAS ESTRELAS;kg;51.25;51,25
5040650;PERFIL T 2 x 1/4 (50,8 x 6,35mm);Barras, Vigas e Perfis;BARRAS E PERFIS ASTM-A36;PERFIS T;kg;341.14;341,14
5040450;PERFIL T 2 x 3/16 (50,8 x 4,76mm);Barras, Vigas e Perfis;BARRAS E PERFIS ASTM-A36;PERFIS T;kg;273.15;273,15
5040438;PERFIL T 1.1/2 x 3/16 (38,10 x 4,76mm);Barras, Vigas e Perfis;BARRAS E PERFIS ASTM-A36;PERFIS T;kg;189.65;189,65
5040431;PERFIL T 1.1/4 x 3/16 (31,75 x 4,76mm);Barras, Vigas e Perfis;BARRAS E PERFIS ASTM-A36;PERFIS T;kg;157.45;157,45
5040338;PERFIL T 1.1/2 x 1/8 (38,10 x 3,18mm);Barras, Vigas e Perfis;BARRAS E PERFIS ASTM-A36;PERFIS T;kg;140.75;140,75
5040325;PERFIL T 1 x 1/8 (25,40 x 3,18mm);Barras, Vigas e Perfis;BARRAS E PERFIS ASTM-A36;PERFIS T;kg;67.09;67,09
5040322;PERFIL T 7/8 x 1/8 (22,23 x 3,18mm);Barras, Vigas e Perfis;BARRAS E PERFIS ASTM-A36;PERFIS T;kg;55.91;55,91
5040319;PERFIL T 3/4 x 1/8 (19,05 x 3,18mm);Barras, Vigas e Perfis;BARRAS E PERFIS ASTM-A36;PERFIS T;kg;49.39;49,39
5040315;PERFIL T 5/8 x 1/8 (15,88 x 3,18mm);Barras, Vigas e Perfis;BARRAS E PERFIS ASTM-A36;PERFIS T;kg;44.08;44,08
5032500;BARRA QUADRADA 1 (25,40mm) A36;Barras, Vigas e Perfis;BARRAS E PERFIS ASTM-A36;BARRAS QUADRADAS;kg;358.77;358,77
5032000;BARRA QUADRADA 3/4 (19,05mm) A36;Barras, Vigas e Perfis;BARRAS E PERFIS ASTM-A36;BARRAS QUADRADAS;kg;178.36;178,36
5031600;BARRA QUADRADA 5/8 (15,88mm) A36;Barras, Vigas e Perfis;BARRAS E PERFIS ASTM-A36;BARRAS QUADRADAS;kg;123.01;123,01
5031250;BARRA QUADRADA 1/2 (12,70mm) A36;Barras, Vigas e Perfis;BARRAS E PERFIS ASTM-A36;BARRAS QUADRADAS;kg;67.58;67,58
5031000;BARRA QUADRADA 3/8 (09,54mm) A36;Barras, Vigas e Perfis;BARRAS E PERFIS ASTM-A36;BARRAS QUADRADAS;kg;37.65;37,65
5021299;CANTONEIRA 4 x 1/2 (101,6 x 12,70mm);Barras, Vigas e Perfis;BARRAS E PERFIS ASTM-A36;CANTONEIRAS DE ABAS IGUAIS;kg;1182.08;1,182,08
5021276;CANTONEIRA 3 x 1/2 (76,20 x 12,70mm);Barras, Vigas e Perfis;BARRAS E PERFIS ASTM-A36;CANTONEIRAS DE ABAS IGUAIS;kg;841.48;841,48
5020999;CANTONEIRA 4 x 3/8 (101,60 x 9,52mm);Barras, Vigas e Perfis;BARRAS E PERFIS ASTM-A36;CANTONEIRAS DE ABAS IGUAIS;kg;889.56;889,56
5020976;CANTONEIRA 3 x 3/8 (76,20 x 9,52mm);Barras, Vigas e Perfis;BARRAS E PERFIS ASTM-A36;CANTONEIRAS DE ABAS IGUAIS;kg;653.15;653,15
5020963;CANTONEIRA 2.1/2 x 3/8 (63,50 x 9,52mm);Barras, Vigas e Perfis;BARRAS E PERFIS ASTM-A36;CANTONEIRAS DE ABAS IGUAIS;kg;512.53;512,53
5020799;CANTONEIRA 4 x 5/16 (101,60 x 7,94mm);Barras, Vigas e Perfis;BARRAS E PERFIS ASTM-A36;CANTONEIRAS DE ABAS IGUAIS;kg;741.3;741,30
5020776;CANTONEIRA 3 x 5/16 (76,20 x 7,94mm);Barras, Vigas e Perfis;BARRAS E PERFIS ASTM-A36;CANTONEIRAS DE ABAS IGUAIS;kg;560.99;560,99
5020763;CANTONEIRA 2.1/2 x 5/16 (63,50 x 7,94mm);Barras, Vigas e Perfis;BARRAS E PERFIS ASTM-A36;CANTONEIRAS DE ABAS IGUAIS;kg;419.34;419,34
5020750;CANTONEIRA 2 x 5/16 (50,80 x 7,94mm);Barras, Vigas e Perfis;BARRAS E PERFIS ASTM-A36;CANTONEIRAS DE ABAS IGUAIS;kg;330.81;330,81
5020699;CANTONEIRA 4 x 1/4 (101,60 x 6,35mm);Barras, Vigas e Perfis;BARRAS E PERFIS ASTM-A36;CANTONEIRAS DE ABAS IGUAIS;kg;601.06;601,06
5020676;CANTONEIRA 3 x 1/4 (76,20 x 6,35mm);Barras, Vigas e Perfis;BARRAS E PERFIS ASTM-A36;CANTONEIRAS DE ABAS IGUAIS;kg;445.78;445,78
5020663;CANTONEIRA 2.1/2 x 1/4 (63,50 x 6,35mm);Barras, Vigas e Perfis;BARRAS E PERFIS ASTM-A36;CANTONEIRAS DE ABAS IGUAIS;kg;345.72;345,72
5020650;CANTONEIRA 2 x 1/4 (50,80 x 6,35mm);Barras, Vigas e Perfis;BARRAS E PERFIS ASTM-A36;CANTONEIRAS DE ABAS IGUAIS;kg;269.31;269,31
5020644;CANTONEIRA 1.3/4 x 1/4 (44,45 x 6,35mm);Barras, Vigas e Perfis;BARRAS E PERFIS ASTM-A36;CANTONEIRAS DE ABAS IGUAIS;kg;232.97;232,97
5020638;CANTONEIRA 1.1/2 x 1/4 (38,10 x 6,35mm);Barras, Vigas e Perfis;BARRAS E PERFIS ASTM-A36;CANTONEIRAS DE ABAS IGUAIS;kg;199.23;199,23
5020631;CANTONEIRA 1.1/4 x 1/4 (31,75 x 6,35mm);Barras, Vigas e Perfis;BARRAS E PERFIS ASTM-A36;CANTONEIRAS DE ABAS IGUAIS;kg;162.15;162,15
5020625;CANTONEIRA 1 x 1/4 (25,4 x 6,35mm);Barras, Vigas e Perfis;BARRAS E PERFIS ASTM-A36;CANTONEIRAS DE ABAS IGUAIS;kg;125.8;125,80
5020476;CANTONEIRA 3 x 3/16 (76,20 x 4,76mm);Barras, Vigas e Perfis;BARRAS E PERFIS ASTM-A36;CANTONEIRAS DE ABAS IGUAIS;kg;340.6;340,60
5020463;CANTONEIRA 2.1/2 x 3/16 (63,5 x 4,76mm);Barras, Vigas e Perfis;BARRAS E PERFIS ASTM-A36;CANTONEIRAS DE ABAS IGUAIS;kg;260.92;260,92
5020450;CANTONEIRA 2 x 3/16 (50,80 x 4,76mm);Barras, Vigas e Perfis;BARRAS E PERFIS ASTM-A36;CANTONEIRAS DE ABAS IGUAIS;kg;205.94;205,94
5020444;CANTONEIRA 1.3/4 x 3/16 (44,45 x 4,76mm);Barras, Vigas e Perfis;BARRAS E PERFIS ASTM-A36;CANTONEIRAS DE ABAS IGUAIS;kg;182.18;182,18
5020438;CANTONEIRA 1.1/2 x 3/16 (38,10 x 4,76mm);Barras, Vigas e Perfis;BARRAS E PERFIS ASTM-A36;CANTONEIRAS DE ABAS IGUAIS;kg;151.89;151,89
5020431;CANTONEIRA 1.1/4 x 3/16 (31,75 x 4,76mm);Barras, Vigas e Perfis;BARRAS E PERFIS ASTM-A36;CANTONEIRAS DE ABAS IGUAIS;kg;121.14;121,14
5020425;CANTONEIRA 1 x 3/16 (25,40 x 4,76mm);Barras, Vigas e Perfis;BARRAS E PERFIS ASTM-A36;CANTONEIRAS DE ABAS IGUAIS;kg;95.05;95,05
5020350;CANTONEIRA 2 x 1/8 (50,80 x 3,18mm);Barras, Vigas e Perfis;BARRAS E PERFIS ASTM-A36;CANTONEIRAS DE ABAS IGUAIS;kg;139.78;139,78
5020344;CANTONEIRA 1.3/4 x 1/8 (44,45 x 3,18mm);Barras, Vigas e Perfis;BARRAS E PERFIS ASTM-A36;CANTONEIRAS DE ABAS IGUAIS;kg;120.21;120,21
5020338;CANTONEIRA 1.1/2 x 1/8 (38,10 x 3,18mm);Barras, Vigas e Perfis;BARRAS E PERFIS ASTM-A36;CANTONEIRAS DE ABAS IGUAIS;kg;108.19;108,19
5020331;CANTONEIRA 1.1/4 x 1/8 (31,75 x 3,18mm);Barras, Vigas e Perfis;BARRAS E PERFIS ASTM-A36;CANTONEIRAS DE ABAS IGUAIS;kg;85.73;85,73
5020325;CANTONEIRA 1 x 1/8 (25,4 x 3,18mm);Barras, Vigas e Perfis;BARRAS E PERFIS ASTM-A36;CANTONEIRAS DE ABAS IGUAIS;kg;62.44;62,44
5020322;CANTONEIRA 7/8 x 1/8 (22,20 x 3,18mm);Barras, Vigas e Perfis;BARRAS E PERFIS ASTM-A36;CANTONEIRAS DE ABAS IGUAIS;kg;64.77;64,77
5020319;CANTONEIRA 3/4 x 1/8 (19,05 x 3,18mm);Barras, Vigas e Perfis;BARRAS E PERFIS ASTM-A36;CANTONEIRAS DE ABAS IGUAIS;kg;48.58;48,58
5020315;CANTONEIRA 5/8 x 1/8 (15,88 x 3,18mm);Barras, Vigas e Perfis;BARRAS E PERFIS ASTM-A36;CANTONEIRAS DE ABAS IGUAIS;kg;37.27;37,27
5020312;CANTONEIRA 1/2 x 1/8 (12,70 x 3,18mm);Barras, Vigas e Perfis;BARRAS E PERFIS ASTM-A36;CANTONEIRAS DE ABAS IGUAIS;kg;29.26;29,26
5020219;CANTONEIRA 3/4 SERRALHEIRO (19,05 x 2,5mm);Barras, Vigas e Perfis;BARRAS E PERFIS ASTM-A36;CANTONEIRAS DE ABAS IGUAIS;kg;41.1;41,10
5020215;CANTONEIRA 5/8 SERRALHEIRO (15,88 x 2,5mm);Barras, Vigas e Perfis;BARRAS E PERFIS ASTM-A36;CANTONEIRAS DE ABAS IGUAIS;kg;34.95;34,95
5011563;BARRA CHATA 2.1/2 x 5/8 (63,50 x 15,88mm);Barras, Vigas e Perfis;BARRAS E PERFIS ASTM-A36;BARRAS CHATAS;kg;447.3;447,30
5011550;BARRA CHATA 2 x 5/8 (50,80 x 15,88mm);Barras, Vigas e Perfis;BARRAS E PERFIS ASTM-A36;BARRAS CHATAS;kg;359.7;359,70
5011538;BARRA CHATA 1.1/2 x 5/8 (38,10 x 15,88mm);Barras, Vigas e Perfis;BARRAS E PERFIS ASTM-A36;BARRAS CHATAS;kg;269.31;269,31
5011299;BARRA CHATA 4 x 1/2 (101,60 x 12,70mm);Barras, Vigas e Perfis;BARRAS E PERFIS ASTM-A36;BARRAS CHATAS;kg;611.07;611,07
5011276;BARRA CHATA 3 x 1/2 (76,20 x 12,70mm);Barras, Vigas e Perfis;BARRAS E PERFIS ASTM-A36;BARRAS CHATAS;kg;460.81;460,81
5011263;BARRA CHATA 2.1/2 x 1/2 (12,70 x 63,50mm);Barras, Vigas e Perfis;BARRAS E PERFIS ASTM-A36;BARRAS CHATAS;kg;359.7;359,70
5011250;BARRA CHATA 2 x 1/2 (50,80 x 12,70mm);Barras, Vigas e Perfis;BARRAS E PERFIS ASTM-A36;BARRAS CHATAS;kg;287.02;287,02
5011238;BARRA CHATA 1.1/2 x 1/2 (12,70 x 38,10mm);Barras, Vigas e Perfis;BARRAS E PERFIS ASTM-A36;BARRAS CHATAS;kg;215.73;215,73
5010999;BARRA CHATA 4 x 3/8 (101,60 x 9,52mm);Barras, Vigas e Perfis;BARRAS E PERFIS ASTM-A36;BARRAS CHATAS;kg;467.82;467,82
5010976;BARRA CHATA 3 x 3/8 (76,20 x 09,52mm);Barras, Vigas e Perfis;BARRAS E PERFIS ASTM-A36;BARRAS CHATAS;kg;350.62;350,62
5010963;BARRA CHATA 2.1/2 x 3/8 (63,50 x 09,52mm);Barras, Vigas e Perfis;BARRAS E PERFIS ASTM-A36;BARRAS CHATAS;kg;265.58;265,58
5010950;BARRA CHATA 2 x 3/8 (50,80 x 9,52mm);Barras, Vigas e Perfis;BARRAS E PERFIS ASTM-A36;BARRAS CHATAS;kg;215.73;215,73
5010938;BARRA CHATA 1.1/2 x 3/8 (38,10 x 9,52mm);Barras, Vigas e Perfis;BARRAS E PERFIS ASTM-A36;BARRAS CHATAS;kg;162.15;162,15
5010925;BARRA CHATA 1 x 3/8 (25,40 x 9,52mm);Barras, Vigas e Perfis;BARRAS E PERFIS ASTM-A36;BARRAS CHATAS;kg;108.1;108,10
5010799;BARRA CHATA 4 x 5/16 (101,60 x 7,94mm);Barras, Vigas e Perfis;BARRAS E PERFIS ASTM-A36;BARRAS CHATAS;kg;385.68;385,68
5010776;BARRA CHATA 3 x 5/16 (76,20 x 7,94mm);Barras, Vigas e Perfis;BARRAS E PERFIS ASTM-A36;BARRAS CHATAS;kg;290.51;290,51
5010763;BARRA CHATA 2.1/2 x 5/16 (63,50 x 7,94mm);Barras, Vigas e Perfis;BARRAS E PERFIS ASTM-A36;BARRAS CHATAS;kg;223.65;223,65
5010750;BARRA CHATA 2 x 5/16 (50,80 x 7,94mm);Barras, Vigas e Perfis;BARRAS E PERFIS ASTM-A36;BARRAS CHATAS;kg;180.78;180,78
5010738;BARRA CHATA 1.1/2 x 5/16 (38,10 x 7,94mm);Barras, Vigas e Perfis;BARRAS E PERFIS ASTM-A36;BARRAS CHATAS;kg;135.12;135,12
5010725;BARRA CHATA 1 x 5/16 (25,04 x 7,94mm);Barras, Vigas e Perfis;BARRAS E PERFIS ASTM-A36;BARRAS CHATAS;kg;89.74;89,74
5010699;BARRA CHATA 4 x 1/4 (101,60 x 6,35mm);Barras, Vigas e Perfis;BARRAS E PERFIS ASTM-A36;BARRAS CHATAS;kg;308.54;308,54
5010676;BARRA CHATA 3 x 1/4 (76,20 x 6,35mm);Barras, Vigas e Perfis;BARRAS E PERFIS ASTM-A36;BARRAS CHATAS;kg;230.4;230,40
5010663;BARRA CHATA 2.1/2 x 1/4 (63,50 x 6,35mm);Barras, Vigas e Perfis;BARRAS E PERFIS ASTM-A36;BARRAS CHATAS;kg;179.85;179,85
5010650;BARRA CHATA 2 x 1/4 (50,80 x 06,35mm);Barras, Vigas e Perfis;BARRAS E PERFIS ASTM-A36;BARRAS CHATAS;kg;144.44;144,44
5010638;BARRA CHATA 1.1/2 x 1/4 (38,10 x 6,35mm);Barras, Vigas e Perfis;BARRAS E PERFIS ASTM-A36;BARRAS CHATAS;kg;107.17;107,17
5010631;BARRA CHATA 1.1/4 x 1/4 (31,75 x 6,35mm);Barras, Vigas e Perfis;BARRAS E PERFIS ASTM-A36;BARRAS CHATAS;kg;88.53;88,53
5010625;BARRA CHATA 1 x 1/4 (25,40 x 6,35mm);Barras, Vigas e Perfis;BARRAS E PERFIS ASTM-A36;BARRAS CHATAS;kg;71.75;71,75
5010622;BARRA CHATA 7/8 x 1/4 (22,23 x 6,35mm);Barras, Vigas e Perfis;BARRAS E PERFIS ASTM-A36;BARRAS CHATAS;kg;59.17;59,17
5010619;BARRA CHATA 3/4 x 1/4 (19,05 x 6,35mm);Barras, Vigas e Perfis;BARRAS E PERFIS ASTM-A36;BARRAS CHATAS;kg;49.39;49,39
5010615;BARRA CHATA 5/8 x 1/4 (15,88 x 6,35mm);Barras, Vigas e Perfis;BARRAS E PERFIS ASTM-A36;BARRAS CHATAS;kg;43.8;43,80
5010612;BARRA CHATA 1/2 x 1/4 (12,70 x 6,35mm);Barras, Vigas e Perfis;BARRAS E PERFIS ASTM-A36;BARRAS CHATAS;kg;33.55;33,55
5010450;BARRA CHATA 2 x 3/16 (50,80 x 4,76mm);Barras, Vigas e Perfis;BARRAS E PERFIS ASTM-A36;BARRAS CHATAS;kg;107.17;107,17
5010438;BARRA CHATA 1.1/2 x 3/16 (38,10 x 4,76mm);Barras, Vigas e Perfis;BARRAS E PERFIS ASTM-A36;BARRAS CHATAS;kg;80.61;80,61
5010431;BARRA CHATA 1.1/4 x 3/16 (31,75 x 4,76mm);Barras, Vigas e Perfis;BARRAS E PERFIS ASTM-A36;BARRAS CHATAS;kg;62.44;62,44
5010425;BARRA CHATA 1 x 3/16 (25,04 x 4,76mm);Barras, Vigas e Perfis;BARRAS E PERFIS ASTM-A36;BARRAS CHATAS;kg;50.6;50,60
5010422;BARRA CHATA 7/8 x 3/16 (22,23 x 4,76mm);Barras, Vigas e Perfis;BARRAS E PERFIS ASTM-A36;BARRAS CHATAS;kg;43.8;43,80
5010419;BARRA CHATA 3/4 x 3/16 (19,05 x 4,76mm);Barras, Vigas e Perfis;BARRAS E PERFIS ASTM-A36;BARRAS CHATAS;kg;36.34;36,34
5010415;BARRA CHATA 5/8 x 3/16 (15,88 x 4,76mm);Barras, Vigas e Perfis;BARRAS E PERFIS ASTM-A36;BARRAS CHATAS;kg;31.68;31,68
5010412;BARRA CHATA 1/2 x 3/16 (12,70 x 4,76mm);Barras, Vigas e Perfis;BARRAS E PERFIS ASTM-A36;BARRAS CHATAS;kg;23.74;23,74
5010350;BARRA CHATA 2 x 1/8 (50,8 x 3,18mm);Barras, Vigas e Perfis;BARRAS E PERFIS ASTM-A36;BARRAS CHATAS;kg;74.27;74,27
5010338;BARRA CHATA 1.1/2 x 1/8 (38,1 x 3,18mm);Barras, Vigas e Perfis;BARRAS E PERFIS ASTM-A36;BARRAS CHATAS;kg;55.94;55,94
5010331;BARRA CHATA 1.1/4 x 1/8 (31,75 x 3,18mm);Barras, Vigas e Perfis;BARRAS E PERFIS ASTM-A36;BARRAS CHATAS;kg;41.93;41,93
5010325;BARRA CHATA 1 x 1/8 (25,40 x 3,18mm);Barras, Vigas e Perfis;BARRAS E PERFIS ASTM-A36;BARRAS CHATAS;kg;35.43;35,43
5010322;BARRA CHATA 7/8 x 1/8 (22,23 x 3,18mm);Barras, Vigas e Perfis;BARRAS E PERFIS ASTM-A36;BARRAS CHATAS;kg;31.22;31,22
5010319;BARRA CHATA 3/4 x 1/8 (19,05 x 3,18mm);Barras, Vigas e Perfis;BARRAS E PERFIS ASTM-A36;BARRAS CHATAS;kg;26.56;26,56
5010315;BARRA CHATA 5/8 x 1/8 (15,88 x 3,18mm);Barras, Vigas e Perfis;BARRAS E PERFIS ASTM-A36;BARRAS CHATAS;kg;20.69;20,69
5010312;BARRA CHATA 1/2 x 1/8 (12,70 x 3,18mm);Barras, Vigas e Perfis;BARRAS E PERFIS ASTM-A36;BARRAS CHATAS;kg;16.8;16,80
5010309;BARRA CHATA 3/8 x 1/8 (9,52 x 3,18mm);Barras, Vigas e Perfis;BARRAS E PERFIS ASTM-A36;BARRAS CHATAS;kg;12.11;12,11
5010212;BARRA CHATA 1/2 SERRALHEIRO (12,70 x 2,50mm);Barras, Vigas e Perfis;BARRAS E PERFIS ASTM-A36;BARRAS CHATAS;kg;14.16;14,16
4012500;BARRA REDONDA 1 (25,0mm) A36;Barras, Vigas e Perfis;BARRAS REDONDAS DE AÇO;barras redondas a36;kg;225.51;225,51
4012222;BARRA REDONDA 7/8 (22,22MM) A36;Barras, Vigas e Perfis;BARRAS REDONDAS DE AÇO;barras redondas a36;kg;173.14;173,14
4012000;BARRA REDONDA 3/4 (20,0mm) A36;Barras, Vigas e Perfis;BARRAS REDONDAS DE AÇO;barras redondas a36;kg;130.46;130,46
4011600;BARRA REDONDA 5/8 (16,0mm) A36;Barras, Vigas e Perfis;BARRAS REDONDAS DE AÇO;barras redondas a36;kg;88.53;88,53
4011250;BARRA REDONDA 1/2 (12,5mm) A36;Barras, Vigas e Perfis;BARRAS REDONDAS DE AÇO;barras redondas a36;kg;55.91;55,91
4011200;BARRA REDONDA SERRALHEIRO (12,0mm) A36;Barras, Vigas e Perfis;BARRAS REDONDAS DE AÇO;barras redondas a36;kg;50.23;50,23
4011000;BARRA REDONDA 3/8 (10,0mm) A36;Barras, Vigas e Perfis;BARRAS REDONDAS DE AÇO;barras redondas a36;kg;31.05;31,05
4010800;BARRA REDONDA 5/16 (8,0mm) A36;Barras, Vigas e Perfis;BARRAS REDONDAS DE AÇO;barras redondas a36;kg;22.36;22,36
4010635;BARRA REDONDA 1/4 (6,3mm) A36;Barras, Vigas e Perfis;BARRAS REDONDAS DE AÇO;barras redondas a36;kg;13.98;13,98
3031852;ARAME FARPADO (1,60MM) 500M;Construção Civil;ARAMES;ARAMES FARPADOS;un;361.57;361,57
3031850;ARAME FARPADO TOURO (1,60mm) 500m;Construção Civil;ARAMES;ARAMES FARPADOS;un;419.92;419,92
3031827;ARAME FARPADO (1,60MM) 250M;Construção Civil;ARAMES;ARAMES FARPADOS;un;180.78;180,78
3031825;ARAME FARPADO TOURO (1,60mm) 250m;Construção Civil;ARAMES;ARAMES FARPADOS;un;209.96;209,96
3031650;ARAME FARPADO GIR (1,60mm) 500m;Construção Civil;ARAMES;ARAMES FARPADOS;un;388.78;388,78
3031625;ARAME FARPADO GIR (1,60mm) 250m;Construção Civil;ARAMES;ARAMES FARPADOS;un;194.39;194,39
3022002;ARAME GALVANIZADO 20 (0,89MM) RL 1KG;Construção Civil;ARAMES;ARAMES GALVANIZADOS;kg;20.07;20,07
3021802;ARAME GALVANIZADO 18 (1,24MM) RL 1KG;Construção Civil;ARAMES;ARAMES GALVANIZADOS;kg;18.26;18,26
3021800;ARAME GALVANIZADO 18 (1,24mm);Construção Civil;ARAMES;ARAMES GALVANIZADOS;kg;16.6;16,60
3021600;ARAME GALVANIZADO 16 (1,65mm);Construção Civil;ARAMES;ARAMES GALVANIZADOS;kg;14.4;14,40
3021400;ARAME GALVANIZADO 14 (2,10mm);Construção Civil;ARAMES;ARAMES GALVANIZADOS;kg;13.43;13,43
3021200;ARAME GALVANIZADO 12 (2,76mm);Construção Civil;ARAMES;ARAMES GALVANIZADOS;kg;12.21;12,21
3021000;ARAME GALVANIZADO 10 (3,40mm);Construção Civil;ARAMES;ARAMES GALVANIZADOS;kg;12.21;12,21
3011835;ARAME RECOZIDO 18 (1,25mm) RL 35kg;Construção Civil;ARAMES;ARAMES RECOZIDOS;kg;13.02;13,02
3011801;ARAME RECOZIDO TORCIDO 18 (1,25MM) 1kg;Construção Civil;ARAMES;ARAMES RECOZIDOS;kg;15.63;15,63
3011800;ARAME RECOZIDO 18 (1,25mm) RL 1kg;Construção Civil;ARAMES;ARAMES RECOZIDOS;kg;14.97;14,97
2050899;SAPATA TELA 5/16 (8,00MM) 100 X 100;Construção Civil;AMPLIADOS PARA CONSTRUÇÃO;SAPATAS;un;31.33;31,33
2050880;SAPATA TELA 5/16 (8,0MM) 80 X 80;Construção Civil;AMPLIADOS PARA CONSTRUÇÃO;SAPATAS;un;20.37;20,37
2050860;SAPATA TELA 5/16 (8,0MM) 60 X 60;Construção Civil;AMPLIADOS PARA CONSTRUÇÃO;SAPATAS;un;11.75;11,75
2042465;TELA Q196 2,45 x 6m (10x10 - 5,0mm);Construção Civil;AMPLIADOS PARA CONSTRUÇÃO;TELAS PARA CONSTRUCAO;un;385.44;385,44
2042463;TELA Q138 2,45 x 6m (10x10 - 4,2mm);Construção Civil;AMPLIADOS PARA CONSTRUÇÃO;TELAS PARA CONSTRUCAO;un;272.43;272,43
2042461;TELA Q92 2,45 x 6m (15x15 - 4,2mm);Construção Civil;AMPLIADOS PARA CONSTRUÇÃO;TELAS PARA CONSTRUCAO;un;183.87;183,87
2042460;TELA Q61 2,45 x 6m (15x15 - 3,4mm);Construção Civil;AMPLIADOS PARA CONSTRUÇÃO;TELAS PARA CONSTRUCAO;un;119.77;119,77
2042033;MALHA POP REFORCADA 2 x 3m (15x15 - 4,2mm);Construção Civil;AMPLIADOS PARA CONSTRUÇÃO;MALHAS POP;un;74.03;74,03
2042032;MALHA POP PESADA 2 x 3m (10x10 - 4,2mm);Construção Civil;AMPLIADOS PARA CONSTRUÇÃO;MALHAS POP;un;109.3;109,30
2042031;MALHA POP MEDIA 2 x 3m (15x15 - 3,4mm);Construção Civil;AMPLIADOS PARA CONSTRUÇÃO;MALHAS POP;un;48.19;48,19
2042030;MALHA POP LEVE 2 x 3m (20x20 - 3,4mm);Construção Civil;AMPLIADOS PARA CONSTRUÇÃO;MALHAS POP;un;34.94;34,94
20310176;COLUNA ARMADA 3/8 (10,0MM) - 7 X 17 - 6M;Construção Civil;AMPLIADOS PARA CONSTRUÇÃO;COLUNAS;un;117.74;117,74
20310175;COLUNA ARMADA 3/8 (10,0MM) - 7 X 17 - 5M;Construção Civil;AMPLIADOS PARA CONSTRUÇÃO;COLUNAS;un;100.08;100,08
203101745;COLUNA ARMADA 3/8 (10,0MM) - 7 X 17 - 4,5M;Construção Civil;AMPLIADOS PARA CONSTRUÇÃO;COLUNAS;un;90.07;90,07
20310174;COLUNA ARMADA 3/8 (10,0MM) - 7 X 17 - 4M;Construção Civil;AMPLIADOS PARA CONSTRUÇÃO;COLUNAS;un;80.06;80,06
203101735;COLUNA ARMADA 3/8 (10,0MM) - 7 X 17 - 3,5M;Construção Civil;AMPLIADOS PARA CONSTRUÇÃO;COLUNAS;un;70.05;70,05
20310173;COLUNA ARMADA 3/8 (10,0MM) - 7 X 17 - 3M;Construção Civil;AMPLIADOS PARA CONSTRUÇÃO;COLUNAS;un;60.05;60,05
20308176;COLUNA ARMADA 5/16 (8,0MM) 7 X 17 - 6M;Construção Civil;AMPLIADOS PARA CONSTRUÇÃO;COLUNAS;un;90.54;90,54
20308175;COLUNA ARMADA 5/16 (8,0MM) 7 X 17 - 5M;Construção Civil;AMPLIADOS PARA CONSTRUÇÃO;COLUNAS;un;76.96;76,96
203081745;COLUNA ARMADA 5/16 (8,0MM) 7 X 17 - 4,5M;Construção Civil;AMPLIADOS PARA CONSTRUÇÃO;COLUNAS;un;69.26;69,26
20308174;COLUNA ARMADA 5/16 (8,0MM) 7 X 17 - 4M;Construção Civil;AMPLIADOS PARA CONSTRUÇÃO;COLUNAS;un;61.57;61,57
203081735;COLUNA ARMADA 5/16 (8,0MM) 7 X 17 - 3,5M;Construção Civil;AMPLIADOS PARA CONSTRUÇÃO;COLUNAS;un;53.87;53,87
20308173;COLUNA ARMADA 5/16 (8,0MM) 7 X 17 - 3M;Construção Civil;AMPLIADOS PARA CONSTRUÇÃO;COLUNAS;un;46.18;46,18
2022707;ESTRIBO CA-60 4,2mm - 7 x 27;Construção Civil;AMPLIADOS PARA CONSTRUÇÃO;ESTRIBOS;CT;65.67;65,67
2022207;ESTRIBO CA-60 4,2mm - 7 x 22;Construção Civil;AMPLIADOS PARA CONSTRUÇÃO;ESTRIBOS;CT;56.35;56,35
2022010;ESTRIBO CA-60 4,2mm - 10 x 20;Construção Civil;AMPLIADOS PARA CONSTRUÇÃO;ESTRIBOS;CT;58.46;58,46
2021707;ESTRIBO CA-60 4,2mm - 7 x 17;Construção Civil;AMPLIADOS PARA CONSTRUÇÃO;ESTRIBOS;CT;44.06;44,06
2021515;ESTRIBO CA-60 4,2mm - 15 x 15;Construção Civil;AMPLIADOS PARA CONSTRUÇÃO;ESTRIBOS;CT;58.46;58,46
2010665;TRELICA TG-12M (6/5/4,2mm) 12m;Construção Civil;AMPLIADOS PARA CONSTRUÇÃO;TRELIÇAS;un;99.6;99,60
2010664;TRELICA TG-8L (6/4,2/4,2mm) 12m;Construção Civil;AMPLIADOS PARA CONSTRUÇÃO;TRELIÇAS;un;66.96;66,96
2010654;TRELICA TG-8L (6/4,2/4,2MM) 6M;Construção Civil;AMPLIADOS PARA CONSTRUÇÃO;TRELIÇAS;un;33.48;33,48
2010643;TRELICA TG-8L SUPERLEVE (6/4,2/3,4mm) 12m;Construção Civil;AMPLIADOS PARA CONSTRUÇÃO;TRELIÇAS;un;56.94;56,94
2010640;TRELICA TG-8L SUPERLEVE (6/4,2/3,4MM) 6M;Construção Civil;AMPLIADOS PARA CONSTRUÇÃO;TRELIÇAS;un;28.47;28,47
1025001;VERGALHAO CA-60 (5,0mm) BARRA;Construção Civil;VERGALHÕES;VERGALHÃO CA-60;kg;14.67;14,67
1025000;VERGALHAO CA-60 (5,0mm) ROLO;Construção Civil;VERGALHÕES;VERGALHÃO CA-60;kg;7.72;7,72
1024201;VERGALHAO CA-60 (4,2mm) BARRA;Construção Civil;VERGALHÕES;VERGALHÃO CA-60;kg;10.42;10,42
1024200;VERGALHAO CA-60 (4,2mm) ROLO;Construção Civil;VERGALHÕES;VERGALHÃO CA-60;kg;7.72;7,72
1023400;VERGALHAO CA-60 (3,4mm) ROLO;Construção Civil;VERGALHÕES;VERGALHÃO CA-60;kg;8.14;8,14
1012500;VERGALHAO CA-50 1 (25,0mm);Construção Civil;VERGALHÕES;VERGALHÃO CA-50;kg;282.0;282,00
1012000;VERGALHAO CA-50 3/4 (20,0mm);Construção Civil;VERGALHÕES;VERGALHÃO CA-50;kg;177.63;177,63
1011600;VERGALHAO CA-50 5/8 (16,0mm);Construção Civil;VERGALHÕES;VERGALHÃO CA-50;kg;115.43;115,43
1011250;VERGALHAO CA-50 1/2 (12,5mm);Construção Civil;VERGALHÕES;VERGALHÃO CA-50;kg;69.38;69,38
1011000;VERGALHAO CA-50 3/8 (10,0mm);Construção Civil;VERGALHÕES;VERGALHÃO CA-50;kg;45.83;45,83
1010800;VERGALHAO CA-50 5/16 (8,0mm);Construção Civil;VERGALHÕES;VERGALHÃO CA-50;kg;30.65;30,65
1010635;VERGALHAO CA-50 1/4 (6,3mm);Construção Civil;VERGALHÕES;VERGALHÃO CA-50;kg;19.48;19,48
